State,District,Market,Commodity Group,Commodity,Variety,Grade,Min Price,Max Price,Modal Price,Price Unit,Arrival Quantity,Arrival Unit,Arrival Date
Karnataka,Bangalore,Hoskote APMC,Cereals,Rice,Pusa Basmati Raw (New),Local,"7,000.00","7,868.00","7,434.00",Rs./Quintal,35.4,Metric Tonnes,17-12-2025
Karnataka,Belgaum,Bailahongal APMC,Cereals,Rice,Coarse,Local,"2,000.00","2,500.00","2,200.00",Rs./Quintal,11.5,Metric Tonnes,29-11-2025
Karnataka,Belgaum,Bailahongal APMC,Cereals,Rice,Coarse,Local,"1,800.00","2,300.00","2,000.00",Rs./Quintal,11,Metric Tonnes,11-12-2025
Karnataka,Belgaum,Sankeshwar APMC,Cereals,Rice,Other,Local,"2,400.00","2,600.00","2,500.00",Rs./Quintal,81.6,Metric Tonnes,13-11-2025
Karnataka,Belgaum,Sankeshwar APMC,Cereals,Rice,Other,Local,"2,300.00","2,450.00","2,450.00",Rs./Quintal,33.6,Metric Tonnes,01-01-2026
Karnataka,Bellary,Hospet APMC,Cereals,Rice,Medium,Local,"3,450.00","3,450.00","3,450.00",Rs./Quintal,8,Metric Tonnes,27-12-2025
Karnataka,Bellary,Hospet APMC,Cereals,Rice,Medium,Local,"3,500.00","3,500.00","3,500.00",Rs./Quintal,8.5,Metric Tonnes,18-11-2025
Karnataka,Bellary,Hospet APMC,Cereals,Rice,Medium,Local,"4,000.00","4,000.00","4,000.00",Rs./Quintal,2.6,Metric Tonnes,09-11-2025
Karnataka,Chamrajnagar,Gundlupet APMC,Cereals,Rice,Other,Local,"3,906.00","3,906.00","3,906.00",Rs./Quintal,12.8,Metric Tonnes,01-01-2026
Karnataka,Chikmagalur,Chikkamagalore APMC,Cereals,Rice,Other,Local,"2,800.00","2,800.00","2,800.00",Rs./Quintal,18,Metric Tonnes,19-01-2026
Karnataka,Chikmagalur,Koppa APMC,Cereals,Rice,Jaya,Local,"1,700.00","1,800.00","1,750.00",Rs./Quintal,5.6,Metric Tonnes,19-12-2025
Karnataka,Davangere,Davangere APMC,Cereals,Rice,Medium,Local,"2,300.00","4,300.00","3,480.00",Rs./Quintal,299.7,Metric Tonnes,31-12-2025
Karnataka,Davangere,Davangere APMC,Cereals,Rice,Medium,Local,"2,300.00","7,036.00","4,500.00",Rs./Quintal,331.6,Metric Tonnes,30-12-2025
Karnataka,Davangere,Davangere APMC,Cereals,Rice,Medium,Local,"2,300.00","4,300.00","3,120.00",Rs./Quintal,719.5,Metric Tonnes,29-12-2025
Karnataka,Davangere,Davangere APMC,Cereals,Rice,Medium,Local,"2,250.00","4,350.00","2,890.00",Rs./Quintal,250.8,Metric Tonnes,29-11-2025
Karnataka,Davangere,Davangere APMC,Cereals,Rice,Medium,Local,"2,250.00","2,890.00","2,300.00",Rs./Quintal,356.5,Metric Tonnes,27-11-2025
Karnataka,Davangere,Davangere APMC,Cereals,Rice,Medium,Local,"2,250.00","2,890.00","2,670.00",Rs./Quintal,644,Metric Tonnes,26-12-2025
Karnataka,Davangere,Davangere APMC,Cereals,Rice,Medium,Local,"2,250.00","2,890.00","2,550.00",Rs./Quintal,263.9,Metric Tonnes,25-11-2025
Karnataka,Davangere,Davangere APMC,Cereals,Rice,Medium,Local,"2,250.00","2,890.00","2,630.00",Rs./Quintal,139.1,Metric Tonnes,24-12-2025
Karnataka,Davangere,Davangere APMC,Cereals,Rice,Medium,Local,"2,250.00","4,250.00","2,890.00",Rs./Quintal,581.5,Metric Tonnes,24-11-2025
Karnataka,Davangere,Davangere APMC,Cereals,Rice,Medium,Local,"2,250.00","4,250.00","2,890.00",Rs./Quintal,373.3,Metric Tonnes,23-12-2025
Karnataka,Davangere,Davangere APMC,Cereals,Rice,Broken Rice,Local,"2,400.00","2,400.00","2,400.00",Rs./Quintal,17,Metric Tonnes,22-12-2025
Karnataka,Davangere,Davangere APMC,Cereals,Rice,Medium,Local,"2,250.00","4,100.00","2,890.00",Rs./Quintal,499.5,Metric Tonnes,22-12-2025
Karnataka,Davangere,Davangere APMC,Cereals,Rice,Broken Rice,Local,"2,100.00","2,100.00","2,100.00",Rs./Quintal,1.2,Metric Tonnes,20-12-2025
Karnataka,Davangere,Davangere APMC,Cereals,Rice,Medium,Local,"2,250.00","4,110.00","2,890.00",Rs./Quintal,198.3,Metric Tonnes,20-12-2025
Karnataka,Davangere,Davangere APMC,Cereals,Rice,Medium,Local,"2,250.00","4,150.00","3,220.00",Rs./Quintal,40.9,Metric Tonnes,20-11-2025
Karnataka,Davangere,Davangere APMC,Cereals,Rice,Broken Rice,Local,"3,820.00","3,820.00","3,820.00",Rs./Quintal,4.1,Metric Tonnes,20-01-2026
Karnataka,Davangere,Davangere APMC,Cereals,Rice,Medium,Local,"2,310.00","6,743.00","4,600.00",Rs./Quintal,463.5,Metric Tonnes,20-01-2026
Karnataka,Davangere,Davangere APMC,Cereals,Rice,Medium,Local,"2,250.00","4,300.00","4,050.00",Rs./Quintal,345.7,Metric Tonnes,19-12-2025
Karnataka,Davangere,Davangere APMC,Cereals,Rice,Medium,Local,"2,150.00","6,720.00","3,330.00",Rs./Quintal,83.8,Metric Tonnes,19-11-2025
Karnataka,Davangere,Davangere APMC,Cereals,Rice,Medium,Local,"2,330.00","4,150.00","2,840.00",Rs./Quintal,395.2,Metric Tonnes,19-01-2026
Karnataka,Davangere,Davangere APMC,Cereals,Rice,Medium,Local,"2,250.00","2,890.00","2,560.00",Rs./Quintal,182.5,Metric Tonnes,18-12-2025
Karnataka,Davangere,Davangere APMC,Cereals,Rice,Medium,Local,"2,300.00","4,250.00","3,700.00",Rs./Quintal,163.4,Metric Tonnes,17-12-2025
Karnataka,Davangere,Davangere APMC,Cereals,Rice,Broken Rice,Local,"2,500.00","2,500.00","2,500.00",Rs./Quintal,40,Metric Tonnes,17-01-2026
Karnataka,Davangere,Davangere APMC,Cereals,Rice,Medium,Local,"2,330.00","5,040.00","3,700.00",Rs./Quintal,187.7,Metric Tonnes,17-01-2026
Karnataka,Davangere,Davangere APMC,Cereals,Rice,Medium,Local,"2,300.00","2,300.00","2,300.00",Rs./Quintal,20,Metric Tonnes,16-12-2025
Karnataka,Davangere,Davangere APMC,Cereals,Rice,Medium,Local,"2,330.00","4,000.00","3,200.00",Rs./Quintal,472.3,Metric Tonnes,16-01-2026
Karnataka,Davangere,Davangere APMC,Cereals,Rice,Medium,Local,"2,250.00","2,890.00","2,580.00",Rs./Quintal,223.3,Metric Tonnes,15-12-2025
Karnataka,Davangere,Davangere APMC,Cereals,Rice,Medium,Local,"2,150.00","2,890.00","2,659.00",Rs./Quintal,180.7,Metric Tonnes,15-11-2025
Karnataka,Davangere,Davangere APMC,Cereals,Rice,Medium,Local,"2,890.00","2,890.00","2,890.00",Rs./Quintal,150,Metric Tonnes,14-11-2025
Karnataka,Davangere,Davangere APMC,Cereals,Rice,Medium,Local,"2,400.00","4,000.00","3,300.00",Rs./Quintal,262.1,Metric Tonnes,14-01-2026
Karnataka,Davangere,Davangere APMC,Cereals,Rice,Medium,Local,"2,300.00","7,140.00","4,300.00",Rs./Quintal,237.4,Metric Tonnes,13-11-2025
Karnataka,Davangere,Davangere APMC,Cereals,Rice,Medium,Local,"2,330.00","4,000.00","3,240.00",Rs./Quintal,123.8,Metric Tonnes,13-01-2026
Karnataka,Davangere,Davangere APMC,Cereals,Rice,Medium,Local,"2,250.00","4,300.00","3,760.00",Rs./Quintal,157.2,Metric Tonnes,12-12-2025
Karnataka,Davangere,Davangere APMC,Cereals,Rice,Medium,Local,"2,150.00","6,280.00","4,000.00",Rs./Quintal,154,Metric Tonnes,12-11-2025
Karnataka,Davangere,Davangere APMC,Cereals,Rice,Medium,Local,"2,330.00","2,890.00","2,660.00",Rs./Quintal,319.1,Metric Tonnes,12-01-2026
Karnataka,Davangere,Davangere APMC,Cereals,Rice,Medium,Local,"2,300.00","6,650.00","4,000.00",Rs./Quintal,47.7,Metric Tonnes,11-12-2025
Karnataka,Davangere,Davangere APMC,Cereals,Rice,Medium,Local,"2,300.00","2,300.00","2,300.00",Rs./Quintal,20,Metric Tonnes,11-11-2025
Karnataka,Davangere,Davangere APMC,Cereals,Rice,Medium,Local,"2,300.00","2,890.00","2,640.00",Rs./Quintal,95,Metric Tonnes,10-12-2025
Karnataka,Davangere,Davangere APMC,Cereals,Rice,Medium,Local,"2,300.00","7,240.00","3,890.00",Rs./Quintal,320.5,Metric Tonnes,09-12-2025
Karnataka,Davangere,Davangere APMC,Cereals,Rice,Medium,Local,"2,330.00","2,890.00","2,680.00",Rs./Quintal,120.4,Metric Tonnes,09-01-2026
Karnataka,Davangere,Davangere APMC,Cereals,Rice,Medium,Local,"2,400.00","4,000.00","3,430.00",Rs./Quintal,168.4,Metric Tonnes,08-01-2026
Karnataka,Davangere,Davangere APMC,Cereals,Rice,Broken Rice,Local,"2,200.00","2,200.00","2,200.00",Rs./Quintal,33.1,Metric Tonnes,07-11-2025
Karnataka,Davangere,Davangere APMC,Cereals,Rice,Medium,Local,"2,330.00","4,300.00","3,380.00",Rs./Quintal,81.3,Metric Tonnes,07-01-2026
Karnataka,Davangere,Davangere APMC,Cereals,Rice,Medium,Local,"2,300.00","2,890.00","2,620.00",Rs./Quintal,137.4,Metric Tonnes,06-01-2026
Karnataka,Davangere,Davangere APMC,Cereals,Rice,Medium,Local,"2,300.00","5,400.00","4,100.00",Rs./Quintal,250.3,Metric Tonnes,05-01-2026
Karnataka,Davangere,Davangere APMC,Cereals,Rice,Medium,Local,"2,250.00","4,000.00","2,890.00",Rs./Quintal,113.7,Metric Tonnes,04-12-2025
Karnataka,Davangere,Davangere APMC,Cereals,Rice,Medium,Local,250,"4,320.00","2,890.00",Rs./Quintal,153.8,Metric Tonnes,03-12-2025
Karnataka,Davangere,Davangere APMC,Cereals,Rice,Medium,Local,"2,300.00","4,250.00","3,300.00",Rs./Quintal,177,Metric Tonnes,03-01-2026
Karnataka,Davangere,Davangere APMC,Cereals,Rice,Medium,Local,"2,250.00","2,890.00","2,300.00",Rs./Quintal,225.2,Metric Tonnes,02-12-2025
Karnataka,Davangere,Davangere APMC,Cereals,Rice,Medium,Local,"2,300.00","4,250.00","3,500.00",Rs./Quintal,253.7,Metric Tonnes,02-01-2026
Karnataka,Davangere,Davangere APMC,Cereals,Rice,Medium,Local,"2,300.00","4,250.00","2,890.00",Rs./Quintal,207.6,Metric Tonnes,01-01-2026
Karnataka,Davangere,Honnali APMC,Cereals,Rice,Broken Rice,Local,"2,150.00","2,150.00","2,150.00",Rs./Quintal,23.2,Metric Tonnes,31-12-2025
Karnataka,Davangere,Honnali APMC,Cereals,Rice,Sarbati Raw,Local,"3,000.00","3,000.00","3,000.00",Rs./Quintal,90,Metric Tonnes,31-12-2025
Karnataka,Davangere,Honnali APMC,Cereals,Rice,Broken Rice,Local,"2,100.00","2,100.00","2,100.00",Rs./Quintal,16.6,Metric Tonnes,30-12-2025
Karnataka,Davangere,Honnali APMC,Cereals,Rice,Sarbati Raw,Local,"3,000.00","3,000.00","3,000.00",Rs./Quintal,99,Metric Tonnes,30-12-2025
Karnataka,Davangere,Honnali APMC,Cereals,Rice,Sarbati Raw,Local,"3,000.00","3,000.00","3,000.00",Rs./Quintal,91.5,Metric Tonnes,29-12-2025
Karnataka,Davangere,Honnali APMC,Cereals,Rice,Sarbati Raw,Local,"3,000.00","3,000.00","3,000.00",Rs./Quintal,90,Metric Tonnes,28-12-2025
Karnataka,Davangere,Honnali APMC,Cereals,Rice,Broken Rice,Local,"2,100.00","2,100.00","2,100.00",Rs./Quintal,14,Metric Tonnes,27-12-2025
Karnataka,Davangere,Honnali APMC,Cereals,Rice,Sarbati Raw,Local,"3,000.00","3,000.00","3,000.00",Rs./Quintal,99,Metric Tonnes,27-12-2025
Karnataka,Davangere,Honnali APMC,Cereals,Rice,Broken Rice,Local,"2,100.00","2,100.00","2,100.00",Rs./Quintal,41.3,Metric Tonnes,26-12-2025
Karnataka,Davangere,Honnali APMC,Cereals,Rice,Sarbati Raw,Local,"3,000.00","3,000.00","3,000.00",Rs./Quintal,99,Metric Tonnes,26-12-2025
Karnataka,Davangere,Honnali APMC,Cereals,Rice,Sarbati Raw,Local,"3,000.00","3,000.00","3,000.00",Rs./Quintal,99,Metric Tonnes,23-12-2025
Karnataka,Davangere,Honnali APMC,Cereals,Rice,Sarbati Raw,Local,"3,000.00","3,000.00","3,000.00",Rs./Quintal,90,Metric Tonnes,22-12-2025
Karnataka,Davangere,Honnali APMC,Cereals,Rice,Sarbati Raw,Local,"2,600.00","2,900.00","2,817.00",Rs./Quintal,114.6,Metric Tonnes,21-01-2026
Karnataka,Davangere,Honnali APMC,Cereals,Rice,Sarbati Raw,Local,"3,000.00","3,000.00","3,000.00",Rs./Quintal,90,Metric Tonnes,19-12-2025
Karnataka,Davangere,Honnali APMC,Cereals,Rice,Sarbati Raw,Local,"3,000.00","3,000.00","3,000.00",Rs./Quintal,91,Metric Tonnes,18-01-2026
Karnataka,Davangere,Honnali APMC,Cereals,Rice,Sarbati Raw,Local,"3,000.00","3,000.00","3,000.00",Rs./Quintal,90,Metric Tonnes,17-01-2026
Karnataka,Davangere,Honnali APMC,Cereals,Rice,Sarbati Raw,Local,"3,000.00","3,000.00","3,000.00",Rs./Quintal,90,Metric Tonnes,16-12-2025
Karnataka,Davangere,Honnali APMC,Cereals,Rice,Sarbati Raw,Local,"3,000.00","3,000.00","3,000.00",Rs./Quintal,91,Metric Tonnes,12-01-2026
Karnataka,Davangere,Honnali APMC,Cereals,Rice,Sarbati Raw,Local,"3,000.00","3,000.00","3,000.00",Rs./Quintal,99,Metric Tonnes,09-01-2026
Karnataka,Davangere,Honnali APMC,Cereals,Rice,Sarbati Raw,Local,"3,000.00","3,000.00","3,000.00",Rs./Quintal,99,Metric Tonnes,07-01-2026
Karnataka,Davangere,Honnali APMC,Cereals,Rice,Sarbati Raw,Local,"3,000.00","3,000.00","3,000.00",Rs./Quintal,39,Metric Tonnes,06-12-2025
Karnataka,Davangere,Honnali APMC,Cereals,Rice,Sarbati Raw,Local,"3,000.00","3,000.00","3,000.00",Rs./Quintal,189,Metric Tonnes,05-01-2026
Karnataka,Davangere,Honnali APMC,Cereals,Rice,Sarbati Raw,Local,"3,000.00","3,000.00","3,000.00",Rs./Quintal,90,Metric Tonnes,04-01-2026
Karnataka,Davangere,Honnali APMC,Cereals,Rice,Sarbati Raw,Local,"3,000.00","3,000.00","3,000.00",Rs./Quintal,90,Metric Tonnes,03-01-2026
Karnataka,Davangere,Honnali APMC,Cereals,Rice,Sarbati Raw,Local,"3,000.00","3,000.00","3,000.00",Rs./Quintal,99,Metric Tonnes,02-01-2026
Karnataka,Davangere,Honnali APMC,Cereals,Rice,Sarbati Raw,Local,"3,000.00","3,000.00","3,000.00",Rs./Quintal,99,Metric Tonnes,01-01-2026
Karnataka,Dharwad,Hubli (Amaragol) APMC,Cereals,Rice,Medium,Local,"5,694.00","5,694.00","5,694.00",Rs./Quintal,15.1,Metric Tonnes,31-12-2025
Karnataka,Dharwad,Hubli (Amaragol) APMC,Cereals,Rice,Medium,Local,"5,855.00","9,313.00","7,500.00",Rs./Quintal,5,Metric Tonnes,30-12-2025
Karnataka,Dharwad,Hubli (Amaragol) APMC,Cereals,Rice,Medium,Local,"4,150.00","4,150.00","4,150.00",Rs./Quintal,68.7,Metric Tonnes,29-12-2025
Karnataka,Dharwad,Hubli (Amaragol) APMC,Cereals,Rice,Medium,Local,"3,060.00","5,694.00","5,410.00",Rs./Quintal,189.5,Metric Tonnes,27-11-2025
Karnataka,Dharwad,Hubli (Amaragol) APMC,Cereals,Rice,Fine,Local,"5,679.00","6,320.00","5,684.00",Rs./Quintal,16.3,Metric Tonnes,24-12-2025
Karnataka,Dharwad,Hubli (Amaragol) APMC,Cereals,Rice,Medium,Local,"4,135.00","5,576.00","4,855.00",Rs./Quintal,31.1,Metric Tonnes,22-12-2025
Karnataka,Dharwad,Hubli (Amaragol) APMC,Cereals,Rice,Medium,Local,"5,571.00","6,135.00","5,929.00",Rs./Quintal,48.6,Metric Tonnes,20-12-2025
Karnataka,Dharwad,Hubli (Amaragol) APMC,Cereals,Rice,Medium,Local,"3,120.00","5,730.00","5,380.00",Rs./Quintal,51,Metric Tonnes,20-01-2026
Karnataka,Dharwad,Hubli (Amaragol) APMC,Cereals,Rice,Medium,Local,"5,735.00","5,735.00","5,735.00",Rs./Quintal,4.2,Metric Tonnes,19-01-2026
Karnataka,Dharwad,Hubli (Amaragol) APMC,Cereals,Rice,Medium,Local,"7,500.00","10,000.00","8,100.00",Rs./Quintal,57.1,Metric Tonnes,17-12-2025
Karnataka,Dharwad,Hubli (Amaragol) APMC,Cereals,Rice,Medium,Local,"5,550.00","5,550.00","5,550.00",Rs./Quintal,3.1,Metric Tonnes,17-01-2026
Karnataka,Dharwad,Hubli (Amaragol) APMC,Cereals,Rice,Medium,Local,"5,306.00","5,678.00","5,580.00",Rs./Quintal,159.4,Metric Tonnes,16-12-2025
Karnataka,Dharwad,Hubli (Amaragol) APMC,Cereals,Rice,Medium,Local,"5,583.00","5,583.00","5,583.00",Rs./Quintal,2.6,Metric Tonnes,16-01-2026
Karnataka,Dharwad,Hubli (Amaragol) APMC,Cereals,Rice,Basmati,Local,"8,766.00","10,125.00","9,000.00",Rs./Quintal,8.9,Metric Tonnes,15-12-2025
Karnataka,Dharwad,Hubli (Amaragol) APMC,Cereals,Rice,Medium,Local,"5,430.00","5,430.00","5,430.00",Rs./Quintal,5.2,Metric Tonnes,14-01-2026
Karnataka,Dharwad,Hubli (Amaragol) APMC,Cereals,Rice,Medium,Local,"2,100.00","6,630.00","3,935.00",Rs./Quintal,28.5,Metric Tonnes,13-01-2026
Karnataka,Dharwad,Hubli (Amaragol) APMC,Cereals,Rice,Basmati,Local,"6,900.00","9,000.00","7,800.00",Rs./Quintal,33.5,Metric Tonnes,12-12-2025
Karnataka,Dharwad,Hubli (Amaragol) APMC,Cereals,Rice,Basmati,Local,"6,343.00","16,781.00","10,000.00",Rs./Quintal,119.3,Metric Tonnes,12-01-2026
Karnataka,Dharwad,Hubli (Amaragol) APMC,Cereals,Rice,Medium,Local,"3,070.00","5,679.00","5,450.00",Rs./Quintal,183.2,Metric Tonnes,11-12-2025
Karnataka,Dharwad,Hubli (Amaragol) APMC,Cereals,Rice,Medium,Local,"1,000.00","10,000.00","9,390.00",Rs./Quintal,34.4,Metric Tonnes,10-12-2025
Karnataka,Dharwad,Hubli (Amaragol) APMC,Cereals,Rice,Basmati,Local,"6,963.00","6,963.00","6,963.00",Rs./Quintal,28.5,Metric Tonnes,10-01-2026
Karnataka,Dharwad,Hubli (Amaragol) APMC,Cereals,Rice,Medium,Local,"5,450.00","5,825.00","5,738.00",Rs./Quintal,49,Metric Tonnes,09-12-2025
Karnataka,Dharwad,Hubli (Amaragol) APMC,Cereals,Rice,Medium,Local,"5,350.00","10,100.00","5,350.00",Rs./Quintal,68.5,Metric Tonnes,09-01-2026
Karnataka,Dharwad,Hubli (Amaragol) APMC,Cereals,Rice,Medium,Local,"3,800.00","4,000.00","4,000.00",Rs./Quintal,61.2,Metric Tonnes,05-01-2026
Karnataka,Dharwad,Hubli (Amaragol) APMC,Cereals,Rice,Medium,Local,"4,200.00","5,684.00","5,588.00",Rs./Quintal,208.8,Metric Tonnes,04-12-2025
Karnataka,Dharwad,Hubli (Amaragol) APMC,Cereals,Rice,Basmati,Local,"5,300.00","12,000.00","7,923.00",Rs./Quintal,12.4,Metric Tonnes,03-12-2025
Karnataka,Dharwad,Hubli (Amaragol) APMC,Cereals,Rice,Medium,Local,"3,110.00","3,110.00","3,110.00",Rs./Quintal,6.2,Metric Tonnes,03-01-2026
Karnataka,Dharwad,Hubli (Amaragol) APMC,Cereals,Rice,Basmati,Local,"6,450.00","6,471.00","6,460.00",Rs./Quintal,32.1,Metric Tonnes,02-12-2025
Karnataka,Dharwad,Hubli (Amaragol) APMC,Cereals,Rice,Medium,Local,"4,900.00","5,700.00","5,200.00",Rs./Quintal,77.7,Metric Tonnes,02-12-2025
Karnataka,Dharwad,Hubli (Amaragol) APMC,Cereals,Rice,Medium,Local,"5,130.00","5,699.00","5,400.00",Rs./Quintal,5.2,Metric Tonnes,01-12-2025
Karnataka,Dharwad,Hubli (Amaragol) APMC,Cereals,Rice,Basmati,Local,"3,868.00","10,000.00","10,000.00",Rs./Quintal,155.1,Metric Tonnes,01-01-2026
Karnataka,Kalburgi,Kalburgi APMC,Cereals,Rice,Broken Rice,Local,"2,200.00","3,075.00","2,650.00",Rs./Quintal,1,Metric Tonnes,31-12-2025
Karnataka,Kalburgi,Kalburgi APMC,Cereals,Rice,Coarse,Local,"3,150.00","4,150.00","3,680.00",Rs./Quintal,3,Metric Tonnes,31-12-2025
Karnataka,Kalburgi,Kalburgi APMC,Cereals,Rice,Fine,Local,"4,350.00","6,320.00","5,650.00",Rs./Quintal,4.5,Metric Tonnes,31-12-2025
Karnataka,Kalburgi,Kalburgi APMC,Cereals,Rice,Broken Rice,Local,"2,100.00","3,100.00","2,650.00",Rs./Quintal,1,Metric Tonnes,30-12-2025
Karnataka,Kalburgi,Kalburgi APMC,Cereals,Rice,Coarse,Local,"3,250.00","4,300.00","3,850.00",Rs./Quintal,2,Metric Tonnes,30-12-2025
Karnataka,Kalburgi,Kalburgi APMC,Cereals,Rice,Fine,Local,"4,500.00","6,250.00","5,150.00",Rs./Quintal,3,Metric Tonnes,30-12-2025
Karnataka,Kalburgi,Kalburgi APMC,Cereals,Rice,Broken Rice,Local,"2,100.00","3,100.00","2,450.00",Rs./Quintal,1.5,Metric Tonnes,29-12-2025
Karnataka,Kalburgi,Kalburgi APMC,Cereals,Rice,Coarse,Local,"3,100.00","4,350.00","3,800.00",Rs./Quintal,2.5,Metric Tonnes,29-12-2025
Karnataka,Kalburgi,Kalburgi APMC,Cereals,Rice,Fine,Local,"4,250.00","6,300.00","5,450.00",Rs./Quintal,3,Metric Tonnes,29-12-2025
Karnataka,Kalburgi,Kalburgi APMC,Cereals,Rice,Broken Rice,Local,"2,100.00","3,050.00","2,600.00",Rs./Quintal,1.2,Metric Tonnes,29-11-2025
Karnataka,Kalburgi,Kalburgi APMC,Cereals,Rice,Coarse,Local,"3,000.00","3,950.00","3,500.00",Rs./Quintal,1.8,Metric Tonnes,29-11-2025
Karnataka,Kalburgi,Kalburgi APMC,Cereals,Rice,Fine,Local,"4,100.00","6,150.00","5,250.00",Rs./Quintal,2.8,Metric Tonnes,29-11-2025
Karnataka,Kalburgi,Kalburgi APMC,Cereals,Rice,Broken Rice,Local,"2,100.00","3,050.00","2,650.00",Rs./Quintal,1,Metric Tonnes,28-11-2025
Karnataka,Kalburgi,Kalburgi APMC,Cereals,Rice,Coarse,Local,"3,100.00","3,950.00","3,600.00",Rs./Quintal,2,Metric Tonnes,28-11-2025
Karnataka,Kalburgi,Kalburgi APMC,Cereals,Rice,Fine,Local,"4,150.00","6,250.00","5,350.00",Rs./Quintal,3,Metric Tonnes,28-11-2025
Karnataka,Kalburgi,Kalburgi APMC,Cereals,Rice,Broken Rice,Local,"2,200.00","3,100.00","2,600.00",Rs./Quintal,1.5,Metric Tonnes,27-11-2025
Karnataka,Kalburgi,Kalburgi APMC,Cereals,Rice,Coarse,Local,"3,200.00","3,800.00","3,600.00",Rs./Quintal,2.8,Metric Tonnes,27-11-2025
Karnataka,Kalburgi,Kalburgi APMC,Cereals,Rice,Fine,Local,"4,000.00","6,350.00","5,500.00",Rs./Quintal,4.5,Metric Tonnes,27-11-2025
Karnataka,Kalburgi,Kalburgi APMC,Cereals,Rice,Broken Rice,Local,"2,200.00","3,250.00","2,800.00",Rs./Quintal,1.5,Metric Tonnes,26-12-2025
Karnataka,Kalburgi,Kalburgi APMC,Cereals,Rice,Coarse,Local,"4,350.00","6,250.00","5,350.00",Rs./Quintal,4,Metric Tonnes,26-12-2025
Karnataka,Kalburgi,Kalburgi APMC,Cereals,Rice,Fine,Local,"3,100.00","4,200.00","3,800.00",Rs./Quintal,3,Metric Tonnes,26-12-2025
Karnataka,Kalburgi,Kalburgi APMC,Cereals,Rice,Broken Rice,Local,"2,200.00","3,000.00","2,650.00",Rs./Quintal,1,Metric Tonnes,26-11-2025
Karnataka,Kalburgi,Kalburgi APMC,Cereals,Rice,Coarse,Local,"3,100.00","3,850.00","3,550.00",Rs./Quintal,2.5,Metric Tonnes,26-11-2025
Karnataka,Kalburgi,Kalburgi APMC,Cereals,Rice,Fine,Local,"4,050.00","6,300.00","5,300.00",Rs./Quintal,4,Metric Tonnes,26-11-2025
Karnataka,Kalburgi,Kalburgi APMC,Cereals,Rice,Broken Rice,Local,"2,800.00","4,000.00","3,600.00",Rs./Quintal,0.9,Metric Tonnes,25-11-2025
Karnataka,Kalburgi,Kalburgi APMC,Cereals,Rice,Coarse,Local,"3,050.00","4,100.00","3,800.00",Rs./Quintal,2.1,Metric Tonnes,25-11-2025
Karnataka,Kalburgi,Kalburgi APMC,Cereals,Rice,Fine,Local,"4,000.00","6,000.00","5,100.00",Rs./Quintal,2.2,Metric Tonnes,25-11-2025
Karnataka,Kalburgi,Kalburgi APMC,Cereals,Rice,Broken Rice,Local,"2,850.00","3,850.00","3,200.00",Rs./Quintal,2,Metric Tonnes,24-12-2025
Karnataka,Kalburgi,Kalburgi APMC,Cereals,Rice,Coarse,Local,"3,000.00","4,200.00","3,750.00",Rs./Quintal,1.5,Metric Tonnes,24-12-2025
Karnataka,Kalburgi,Kalburgi APMC,Cereals,Rice,Fine,Local,"4,250.00","6,000.00","5,300.00",Rs./Quintal,3,Metric Tonnes,24-12-2025
Karnataka,Kalburgi,Kalburgi APMC,Cereals,Rice,Broken Rice,Local,"2,400.00","3,055.00","2,775.00",Rs./Quintal,1,Metric Tonnes,24-11-2025
Karnataka,Kalburgi,Kalburgi APMC,Cereals,Rice,Coarse,Local,"3,200.00","3,950.00","3,650.00",Rs./Quintal,3,Metric Tonnes,24-11-2025
Karnataka,Kalburgi,Kalburgi APMC,Cereals,Rice,Fine,Local,"4,100.00","6,250.00","5,500.00",Rs./Quintal,4.5,Metric Tonnes,24-11-2025
Karnataka,Kalburgi,Kalburgi APMC,Cereals,Rice,Broken Rice,Local,"2,800.00","3,900.00","3,150.00",Rs./Quintal,1.5,Metric Tonnes,23-12-2025
Karnataka,Kalburgi,Kalburgi APMC,Cereals,Rice,Coarse,Local,"3,100.00","4,150.00","3,700.00",Rs./Quintal,2,Metric Tonnes,23-12-2025
Karnataka,Kalburgi,Kalburgi APMC,Cereals,Rice,Fine,Local,"4,150.00","6,150.00","5,250.00",Rs./Quintal,3.5,Metric Tonnes,23-12-2025
Karnataka,Kalburgi,Kalburgi APMC,Cereals,Rice,Broken Rice,Local,"2,100.00","2,900.00","2,575.00",Rs./Quintal,1,Metric Tonnes,22-12-2025
Karnataka,Kalburgi,Kalburgi APMC,Cereals,Rice,Coarse,Local,"3,200.00","4,250.00","3,850.00",Rs./Quintal,3,Metric Tonnes,22-12-2025
Karnataka,Kalburgi,Kalburgi APMC,Cereals,Rice,Fine,Local,"4,275.00","6,350.00","5,475.00",Rs./Quintal,4,Metric Tonnes,22-12-2025
Karnataka,Kalburgi,Kalburgi APMC,Cereals,Rice,Broken Rice,Local,"2,200.00","3,175.00","2,850.00",Rs./Quintal,1.5,Metric Tonnes,21-11-2025
Karnataka,Kalburgi,Kalburgi APMC,Cereals,Rice,Coarse,Local,"3,000.00","4,000.00","3,650.00",Rs./Quintal,1.5,Metric Tonnes,21-11-2025
Karnataka,Kalburgi,Kalburgi APMC,Cereals,Rice,Fine,Local,"4,055.00","6,250.00","5,550.00",Rs./Quintal,2.5,Metric Tonnes,21-11-2025
Karnataka,Kalburgi,Kalburgi APMC,Cereals,Rice,Broken Rice,Local,"2,200.00","2,950.00","2,550.00",Rs./Quintal,1,Metric Tonnes,20-12-2025
Karnataka,Kalburgi,Kalburgi APMC,Cereals,Rice,Coarse,Local,"3,150.00","4,215.00","3,815.00",Rs./Quintal,2,Metric Tonnes,20-12-2025
Karnataka,Kalburgi,Kalburgi APMC,Cereals,Rice,Fine,Local,"4,150.00","6,250.00","5,250.00",Rs./Quintal,4.5,Metric Tonnes,20-12-2025
Karnataka,Kalburgi,Kalburgi APMC,Cereals,Rice,Broken Rice,Local,"2,200.00","3,100.00","2,850.00",Rs./Quintal,1,Metric Tonnes,20-01-2026
Karnataka,Kalburgi,Kalburgi APMC,Cereals,Rice,Coarse,Local,"3,150.00","4,205.00","3,850.00",Rs./Quintal,2,Metric Tonnes,20-01-2026
Karnataka,Kalburgi,Kalburgi APMC,Cereals,Rice,Fine,Local,"4,450.00","6,250.00","5,475.00",Rs./Quintal,3,Metric Tonnes,20-01-2026
Karnataka,Kalburgi,Kalburgi APMC,Cereals,Rice,Broken Rice,Local,"2,500.00","3,150.00","2,800.00",Rs./Quintal,1,Metric Tonnes,19-11-2025
Karnataka,Kalburgi,Kalburgi APMC,Cereals,Rice,Coarse,Local,"3,005.00","4,150.00","3,550.00",Rs./Quintal,2,Metric Tonnes,19-11-2025
Karnataka,Kalburgi,Kalburgi APMC,Cereals,Rice,Fine,Local,"4,100.00","6,200.00","5,150.00",Rs./Quintal,4,Metric Tonnes,19-11-2025
Karnataka,Kalburgi,Kalburgi APMC,Cereals,Rice,Broken Rice,Local,"2,200.00","3,100.00","2,650.00",Rs./Quintal,2,Metric Tonnes,19-01-2026
Karnataka,Kalburgi,Kalburgi APMC,Cereals,Rice,Coarse,Local,"3,105.00","4,075.00","3,655.00",Rs./Quintal,3,Metric Tonnes,19-01-2026
Karnataka,Kalburgi,Kalburgi APMC,Cereals,Rice,Fine,Local,"4,150.00","6,300.00","5,250.00",Rs./Quintal,5,Metric Tonnes,19-01-2026
Karnataka,Kalburgi,Kalburgi APMC,Cereals,Rice,Broken Rice,Local,"2,100.00","2,850.00","2,450.00",Rs./Quintal,1,Metric Tonnes,18-12-2025
Karnataka,Kalburgi,Kalburgi APMC,Cereals,Rice,Coarse,Local,"3,200.00","4,300.00","3,800.00",Rs./Quintal,3,Metric Tonnes,18-12-2025
Karnataka,Kalburgi,Kalburgi APMC,Cereals,Rice,Fine,Local,"4,200.00","6,300.00","5,100.00",Rs./Quintal,4,Metric Tonnes,18-12-2025
Karnataka,Kalburgi,Kalburgi APMC,Cereals,Rice,Broken Rice,Local,"2,800.00","4,000.00","3,600.00",Rs./Quintal,1,Metric Tonnes,18-11-2025
Karnataka,Kalburgi,Kalburgi APMC,Cereals,Rice,Coarse,Local,"3,050.00","4,100.00","3,800.00",Rs./Quintal,1.2,Metric Tonnes,18-11-2025
Karnataka,Kalburgi,Kalburgi APMC,Cereals,Rice,Fine,Local,"4,000.00","6,000.00","5,100.00",Rs./Quintal,1.5,Metric Tonnes,18-11-2025
Karnataka,Kalburgi,Kalburgi APMC,Cereals,Rice,Broken Rice,Local,"2,600.00","4,300.00","3,750.00",Rs./Quintal,1.5,Metric Tonnes,17-12-2025
Karnataka,Kalburgi,Kalburgi APMC,Cereals,Rice,Coarse,Local,"3,200.00","5,200.00","4,450.00",Rs./Quintal,1.5,Metric Tonnes,17-12-2025
Karnataka,Kalburgi,Kalburgi APMC,Cereals,Rice,Fine,Local,"4,300.00","5,650.00","4,800.00",Rs./Quintal,2,Metric Tonnes,17-12-2025
Karnataka,Kalburgi,Kalburgi APMC,Cereals,Rice,Broken Rice,Local,"2,125.00","3,415.00","2,675.00",Rs./Quintal,1,Metric Tonnes,17-11-2025
Karnataka,Kalburgi,Kalburgi APMC,Cereals,Rice,Coarse,Local,"3,100.00","4,200.00","3,600.00",Rs./Quintal,1.5,Metric Tonnes,17-11-2025
Karnataka,Kalburgi,Kalburgi APMC,Cereals,Rice,Fine,Local,"4,250.00","6,250.00","5,550.00",Rs./Quintal,3.5,Metric Tonnes,17-11-2025
Karnataka,Kalburgi,Kalburgi APMC,Cereals,Rice,Broken Rice,Local,"2,150.00","3,000.00","2,550.00",Rs./Quintal,2,Metric Tonnes,17-01-2026
Karnataka,Kalburgi,Kalburgi APMC,Cereals,Rice,Coarse,Local,"3,055.00","4,075.00","3,650.00",Rs./Quintal,3,Metric Tonnes,17-01-2026
Karnataka,Kalburgi,Kalburgi APMC,Cereals,Rice,Fine,Local,"4,175.00","6,450.00","5,555.00",Rs./Quintal,4.5,Metric Tonnes,17-01-2026
Karnataka,Kalburgi,Kalburgi APMC,Cereals,Rice,Broken Rice,Local,"2,400.00","4,400.00","3,850.00",Rs./Quintal,1,Metric Tonnes,16-12-2025
Karnataka,Kalburgi,Kalburgi APMC,Cereals,Rice,Coarse,Local,"3,100.00","5,100.00","4,350.00",Rs./Quintal,2,Metric Tonnes,16-12-2025
Karnataka,Kalburgi,Kalburgi APMC,Cereals,Rice,Fine,Local,"4,150.00","5,600.00","4,950.00",Rs./Quintal,2.5,Metric Tonnes,16-12-2025
Karnataka,Kalburgi,Kalburgi APMC,Cereals,Rice,Broken Rice,Local,"2,100.00","3,100.00","2,750.00",Rs./Quintal,1.2,Metric Tonnes,16-01-2026
Karnataka,Kalburgi,Kalburgi APMC,Cereals,Rice,Coarse,Local,"3,200.00","4,000.00","3,500.00",Rs./Quintal,1.5,Metric Tonnes,16-01-2026
Karnataka,Kalburgi,Kalburgi APMC,Cereals,Rice,Fine,Local,"4,200.00","6,450.00","5,400.00",Rs./Quintal,2,Metric Tonnes,16-01-2026
Karnataka,Kalburgi,Kalburgi APMC,Cereals,Rice,Broken Rice,Local,"2,500.00","4,500.00","3,800.00",Rs./Quintal,2,Metric Tonnes,15-12-2025
Karnataka,Kalburgi,Kalburgi APMC,Cereals,Rice,Coarse,Local,"3,000.00","5,000.00","4,200.00",Rs./Quintal,1.5,Metric Tonnes,15-12-2025
Karnataka,Kalburgi,Kalburgi APMC,Cereals,Rice,Fine,Local,"4,000.00","5,500.00","4,500.00",Rs./Quintal,2,Metric Tonnes,15-12-2025
Karnataka,Kalburgi,Kalburgi APMC,Cereals,Rice,Broken Rice,Local,"2,050.00","3,050.00","2,650.00",Rs./Quintal,2,Metric Tonnes,15-11-2025
Karnataka,Kalburgi,Kalburgi APMC,Cereals,Rice,Coarse,Local,"3,100.00","4,150.00","3,810.00",Rs./Quintal,3,Metric Tonnes,15-11-2025
Karnataka,Kalburgi,Kalburgi APMC,Cereals,Rice,Fine,Local,"4,250.00","6,300.00","5,510.00",Rs./Quintal,4.5,Metric Tonnes,15-11-2025
Karnataka,Kalburgi,Kalburgi APMC,Cereals,Rice,Broken Rice,Local,"2,100.00","3,500.00","2,850.00",Rs./Quintal,1,Metric Tonnes,14-11-2025
Karnataka,Kalburgi,Kalburgi APMC,Cereals,Rice,Coarse,Local,"3,100.00","4,200.00","3,650.00",Rs./Quintal,1,Metric Tonnes,14-11-2025
Karnataka,Kalburgi,Kalburgi APMC,Cereals,Rice,Fine,Local,"4,200.00","6,350.00","5,800.00",Rs./Quintal,3,Metric Tonnes,14-11-2025
Karnataka,Kalburgi,Kalburgi APMC,Cereals,Rice,Broken Rice,Local,"2,250.00","3,600.00","2,800.00",Rs./Quintal,1.2,Metric Tonnes,13-11-2025
Karnataka,Kalburgi,Kalburgi APMC,Cereals,Rice,Coarse,Local,"3,050.00","4,100.00","3,655.00",Rs./Quintal,1.5,Metric Tonnes,13-11-2025
Karnataka,Kalburgi,Kalburgi APMC,Cereals,Rice,Fine,Local,"4,170.00","6,355.00","5,760.00",Rs./Quintal,2.8,Metric Tonnes,13-11-2025
Karnataka,Kalburgi,Kalburgi APMC,Cereals,Rice,Broken Rice,Local,"2,200.00","3,200.00","2,750.00",Rs./Quintal,1.5,Metric Tonnes,13-01-2026
Karnataka,Kalburgi,Kalburgi APMC,Cereals,Rice,Coarse,Local,"3,250.00","4,100.00","3,600.00",Rs./Quintal,2,Metric Tonnes,13-01-2026
Karnataka,Kalburgi,Kalburgi APMC,Cereals,Rice,Fine,Local,"4,250.00","6,500.00","5,450.00",Rs./Quintal,3,Metric Tonnes,13-01-2026
Karnataka,Kalburgi,Kalburgi APMC,Cereals,Rice,Broken Rice,Local,"2,200.00","3,050.00","2,650.00",Rs./Quintal,1,Metric Tonnes,12-11-2025
Karnataka,Kalburgi,Kalburgi APMC,Cereals,Rice,Coarse,Local,"3,105.00","4,250.00","3,815.00",Rs./Quintal,2,Metric Tonnes,12-11-2025
Karnataka,Kalburgi,Kalburgi APMC,Cereals,Rice,Fine,Local,"4,450.00","6,350.00","5,455.00",Rs./Quintal,4,Metric Tonnes,12-11-2025
Karnataka,Kalburgi,Kalburgi APMC,Cereals,Rice,Broken Rice,Local,"2,150.00","3,100.00","2,650.00",Rs./Quintal,1.2,Metric Tonnes,12-01-2026
Karnataka,Kalburgi,Kalburgi APMC,Cereals,Rice,Coarse,Local,"3,150.00","4,150.00","3,875.00",Rs./Quintal,2.5,Metric Tonnes,12-01-2026
Karnataka,Kalburgi,Kalburgi APMC,Cereals,Rice,Fine,Local,"4,250.00","6,425.00","5,525.00",Rs./Quintal,2,Metric Tonnes,12-01-2026
Karnataka,Kalburgi,Kalburgi APMC,Cereals,Rice,Broken Rice,Local,"2,150.00","2,800.00","2,510.00",Rs./Quintal,1,Metric Tonnes,11-11-2025
Karnataka,Kalburgi,Kalburgi APMC,Cereals,Rice,Coarse,Local,"3,160.00","4,300.00","3,670.00",Rs./Quintal,3.1,Metric Tonnes,11-11-2025
Karnataka,Kalburgi,Kalburgi APMC,Cereals,Rice,Fine,Local,"4,410.00","6,360.00","5,350.00",Rs./Quintal,3,Metric Tonnes,11-11-2025
Karnataka,Kalburgi,Kalburgi APMC,Cereals,Rice,Broken Rice,Local,"2,500.00","4,000.00","3,100.00",Rs./Quintal,1,Metric Tonnes,10-12-2025
Karnataka,Kalburgi,Kalburgi APMC,Cereals,Rice,Coarse,Local,"3,000.00","4,000.00","3,600.00",Rs./Quintal,2,Metric Tonnes,10-12-2025
Karnataka,Kalburgi,Kalburgi APMC,Cereals,Rice,Fine,Local,"4,000.00","6,000.00","5,000.00",Rs./Quintal,1.5,Metric Tonnes,10-12-2025
Karnataka,Kalburgi,Kalburgi APMC,Cereals,Rice,Broken Rice,Local,"2,100.00","2,850.00","2,505.00",Rs./Quintal,1,Metric Tonnes,10-11-2025
Karnataka,Kalburgi,Kalburgi APMC,Cereals,Rice,Coarse,Local,"3,150.00","4,250.00","3,650.00",Rs./Quintal,3,Metric Tonnes,10-11-2025
Karnataka,Kalburgi,Kalburgi APMC,Cereals,Rice,Fine,Local,"4,400.00","6,350.00","5,355.00",Rs./Quintal,3.5,Metric Tonnes,10-11-2025
Karnataka,Kalburgi,Kalburgi APMC,Cereals,Rice,Broken Rice,Local,"2,800.00","4,000.00","3,600.00",Rs./Quintal,1.2,Metric Tonnes,09-12-2025
Karnataka,Kalburgi,Kalburgi APMC,Cereals,Rice,Coarse,Local,"3,000.00","4,100.00","3,700.00",Rs./Quintal,1.2,Metric Tonnes,09-12-2025
Karnataka,Kalburgi,Kalburgi APMC,Cereals,Rice,Fine,Local,"3,800.00","5,800.00","5,100.00",Rs./Quintal,1.5,Metric Tonnes,09-12-2025
Karnataka,Kalburgi,Kalburgi APMC,Cereals,Rice,Broken Rice,Local,"2,100.00","3,100.00","2,600.00",Rs./Quintal,1.2,Metric Tonnes,09-01-2026
Karnataka,Kalburgi,Kalburgi APMC,Cereals,Rice,Coarse,Local,"3,300.00","4,000.00","3,700.00",Rs./Quintal,2,Metric Tonnes,09-01-2026
Karnataka,Kalburgi,Kalburgi APMC,Cereals,Rice,Fine,Local,"4,100.00","6,250.00","5,500.00",Rs./Quintal,1.5,Metric Tonnes,09-01-2026
Karnataka,Kalburgi,Kalburgi APMC,Cereals,Rice,Broken Rice,Local,"2,175.00","3,200.00","2,650.00",Rs./Quintal,2,Metric Tonnes,08-01-2026
Karnataka,Kalburgi,Kalburgi APMC,Cereals,Rice,Coarse,Local,"3,250.00","4,050.00","3,675.00",Rs./Quintal,2.5,Metric Tonnes,08-01-2026
Karnataka,Kalburgi,Kalburgi APMC,Cereals,Rice,Fine,Local,"4,200.00","6,350.00","5,550.00",Rs./Quintal,2,Metric Tonnes,08-01-2026
Karnataka,Kalburgi,Kalburgi APMC,Cereals,Rice,Broken Rice,Local,"2,200.00","3,175.00","2,850.00",Rs./Quintal,1.5,Metric Tonnes,07-11-2025
Karnataka,Kalburgi,Kalburgi APMC,Cereals,Rice,Coarse,Local,"3,150.00","4,150.00","3,650.00",Rs./Quintal,2,Metric Tonnes,07-11-2025
Karnataka,Kalburgi,Kalburgi APMC,Cereals,Rice,Fine,Local,"4,055.00","6,250.00","5,550.00",Rs./Quintal,3.5,Metric Tonnes,07-11-2025
Karnataka,Kalburgi,Kalburgi APMC,Cereals,Rice,Broken Rice,Local,"2,200.00","3,150.00","2,850.00",Rs./Quintal,2,Metric Tonnes,07-01-2026
Karnataka,Kalburgi,Kalburgi APMC,Cereals,Rice,Coarse,Local,"3,150.00","4,350.00","3,750.00",Rs./Quintal,3,Metric Tonnes,07-01-2026
Karnataka,Kalburgi,Kalburgi APMC,Cereals,Rice,Fine,Local,"4,500.00","6,600.00","5,550.00",Rs./Quintal,2,Metric Tonnes,07-01-2026
Karnataka,Kalburgi,Kalburgi APMC,Cereals,Rice,Broken Rice,Local,"2,100.00","3,100.00","2,750.00",Rs./Quintal,2,Metric Tonnes,06-01-2026
Karnataka,Kalburgi,Kalburgi APMC,Cereals,Rice,Coarse,Local,"3,150.00","4,250.00","3,650.00",Rs./Quintal,3,Metric Tonnes,06-01-2026
Karnataka,Kalburgi,Kalburgi APMC,Cereals,Rice,Fine,Local,"4,400.00","6,300.00","5,650.00",Rs./Quintal,2,Metric Tonnes,06-01-2026
Karnataka,Kalburgi,Kalburgi APMC,Cereals,Rice,Broken Rice,Local,"2,200.00","3,250.00","2,800.00",Rs./Quintal,1.5,Metric Tonnes,05-01-2026
Karnataka,Kalburgi,Kalburgi APMC,Cereals,Rice,Coarse,Local,"3,100.00","4,200.00","3,800.00",Rs./Quintal,3,Metric Tonnes,05-01-2026
Karnataka,Kalburgi,Kalburgi APMC,Cereals,Rice,Fine,Local,"4,350.00","6,250.00","5,350.00",Rs./Quintal,2,Metric Tonnes,05-01-2026
Karnataka,Kalburgi,Kalburgi APMC,Cereals,Rice,Broken Rice,Local,"2,150.00","3,000.00","2,660.00",Rs./Quintal,2.5,Metric Tonnes,04-12-2025
Karnataka,Kalburgi,Kalburgi APMC,Cereals,Rice,Coarse,Local,"3,000.00","3,850.00","3,500.00",Rs./Quintal,3.2,Metric Tonnes,04-12-2025
Karnataka,Kalburgi,Kalburgi APMC,Cereals,Rice,Fine,Local,"4,150.00","6,300.00","5,550.00",Rs./Quintal,3.5,Metric Tonnes,04-12-2025
Karnataka,Kalburgi,Kalburgi APMC,Cereals,Rice,Broken Rice,Local,"2,100.00","2,950.00","2,655.00",Rs./Quintal,2,Metric Tonnes,03-12-2025
Karnataka,Kalburgi,Kalburgi APMC,Cereals,Rice,Coarse,Local,"3,000.00","3,800.00","3,450.00",Rs./Quintal,3,Metric Tonnes,03-12-2025
Karnataka,Kalburgi,Kalburgi APMC,Cereals,Rice,Fine,Local,"4,100.00","6,300.00","5,500.00",Rs./Quintal,3,Metric Tonnes,03-12-2025
Karnataka,Kalburgi,Kalburgi APMC,Cereals,Rice,Broken Rice,Local,"2,150.00","3,155.00","2,600.00",Rs./Quintal,1.5,Metric Tonnes,03-01-2026
Karnataka,Kalburgi,Kalburgi APMC,Cereals,Rice,Coarse,Local,"3,100.00","4,100.00","3,650.00",Rs./Quintal,2,Metric Tonnes,03-01-2026
Karnataka,Kalburgi,Kalburgi APMC,Cereals,Rice,Fine,Local,"4,150.00","6,350.00","5,500.00",Rs./Quintal,3,Metric Tonnes,03-01-2026
Karnataka,Kalburgi,Kalburgi APMC,Cereals,Rice,Broken Rice,Local,"2,050.00","2,850.00","2,650.00",Rs./Quintal,1,Metric Tonnes,02-12-2025
Karnataka,Kalburgi,Kalburgi APMC,Cereals,Rice,Coarse,Local,"4,150.00","6,250.00","5,350.00",Rs./Quintal,3.5,Metric Tonnes,02-12-2025
Karnataka,Kalburgi,Kalburgi APMC,Cereals,Rice,Fine,Local,"3,175.00","3,950.00","3,550.00",Rs./Quintal,2,Metric Tonnes,02-12-2025
Karnataka,Kalburgi,Kalburgi APMC,Cereals,Rice,Broken Rice,Local,"2,100.00","3,025.00","2,565.00",Rs./Quintal,1.5,Metric Tonnes,02-01-2026
Karnataka,Kalburgi,Kalburgi APMC,Cereals,Rice,Coarse,Local,"3,150.00","4,025.00","3,575.00",Rs./Quintal,2,Metric Tonnes,02-01-2026
Karnataka,Kalburgi,Kalburgi APMC,Cereals,Rice,Fine,Local,"4,100.00","6,250.00","5,450.00",Rs./Quintal,3.5,Metric Tonnes,02-01-2026
Karnataka,Kalburgi,Kalburgi APMC,Cereals,Rice,Broken Rice,Local,"2,150.00","3,100.00","2,650.00",Rs./Quintal,1.5,Metric Tonnes,01-12-2025
Karnataka,Kalburgi,Kalburgi APMC,Cereals,Rice,Coarse,Local,"3,100.00","3,850.00","3,650.00",Rs./Quintal,1,Metric Tonnes,01-12-2025
Karnataka,Kalburgi,Kalburgi APMC,Cereals,Rice,Fine,Local,"4,100.00","6,050.00","5,150.00",Rs./Quintal,3,Metric Tonnes,01-12-2025
Karnataka,Kalburgi,Kalburgi APMC,Cereals,Rice,Broken Rice,Local,"2,200.00","3,075.00","2,650.00",Rs./Quintal,1,Metric Tonnes,01-01-2026
Karnataka,Kalburgi,Kalburgi APMC,Cereals,Rice,Coarse,Local,"3,100.00","4,050.00","3,650.00",Rs./Quintal,2.5,Metric Tonnes,01-01-2026
Karnataka,Kalburgi,Kalburgi APMC,Cereals,Rice,Fine,Local,"4,250.00","6,220.00","5,550.00",Rs./Quintal,3,Metric Tonnes,01-01-2026
Karnataka,Karwar(Uttar Kannad),Haliyala APMC,Cereals,Rice,Medium,Local,"2,300.00","2,300.00","2,300.00",Rs./Quintal,30,Metric Tonnes,31-12-2025
Karnataka,Karwar(Uttar Kannad),Haliyala APMC,Cereals,Rice,Medium,Local,"2,300.00","2,300.00","2,300.00",Rs./Quintal,30,Metric Tonnes,29-12-2025
Karnataka,Karwar(Uttar Kannad),Haliyala APMC,Cereals,Rice,Medium,Local,"2,300.00","2,300.00","2,300.00",Rs./Quintal,35,Metric Tonnes,21-01-2026
Karnataka,Karwar(Uttar Kannad),Haliyala APMC,Cereals,Rice,Medium,Local,"2,300.00","2,300.00","2,300.00",Rs./Quintal,35,Metric Tonnes,17-01-2026
Karnataka,Karwar(Uttar Kannad),Haliyala APMC,Cereals,Rice,Medium,Local,"2,300.00","2,300.00","2,300.00",Rs./Quintal,30,Metric Tonnes,14-01-2026
Karnataka,Karwar(Uttar Kannad),Haliyala APMC,Cereals,Rice,Medium,Local,"2,300.00","2,300.00","2,300.00",Rs./Quintal,31,Metric Tonnes,01-01-2026
Karnataka,Karwar(Uttar Kannad),Kumta APMC,Cereals,Rice,Dappa,Local,"2,300.00","2,300.00","2,300.00",Rs./Quintal,3,Metric Tonnes,26-12-2025
Karnataka,Karwar(Uttar Kannad),Kumta APMC,Cereals,Rice,Dappa,Local,"2,300.00","2,300.00","2,300.00",Rs./Quintal,90,Metric Tonnes,25-11-2025
Karnataka,Karwar(Uttar Kannad),Kumta APMC,Cereals,Rice,Dappa,Local,"2,300.00","2,300.00","2,300.00",Rs./Quintal,36,Metric Tonnes,20-11-2025
Karnataka,Karwar(Uttar Kannad),Kumta APMC,Cereals,Rice,Broken Rice,Local,"2,300.00","2,300.00","2,300.00",Rs./Quintal,16,Metric Tonnes,18-12-2025
Karnataka,Karwar(Uttar Kannad),Kumta APMC,Cereals,Rice,Dappa,Local,"2,300.00","2,300.00","2,300.00",Rs./Quintal,20,Metric Tonnes,18-11-2025
Karnataka,Karwar(Uttar Kannad),Kumta APMC,Cereals,Rice,Broken Rice,Local,"4,400.00","4,400.00","4,400.00",Rs./Quintal,0.4,Metric Tonnes,16-12-2025
Karnataka,Karwar(Uttar Kannad),Kumta APMC,Cereals,Rice,Dappa,Local,"2,300.00","2,300.00","2,300.00",Rs./Quintal,40,Metric Tonnes,15-11-2025
Karnataka,Karwar(Uttar Kannad),Kumta APMC,Cereals,Rice,Dappa,Local,"2,300.00","2,300.00","2,300.00",Rs./Quintal,40,Metric Tonnes,13-11-2025
Karnataka,Karwar(Uttar Kannad),Kumta APMC,Cereals,Rice,Dappa,Local,"2,300.00","2,300.00","2,300.00",Rs./Quintal,56,Metric Tonnes,11-11-2025
Karnataka,Karwar(Uttar Kannad),Kumta APMC,Cereals,Rice,Dappa,Local,"2,300.00","2,300.00","2,300.00",Rs./Quintal,40,Metric Tonnes,07-11-2025
Karnataka,Karwar(Uttar Kannad),Kumta APMC,Cereals,Rice,Dappa,Local,"2,300.00","2,300.00","2,300.00",Rs./Quintal,12,Metric Tonnes,04-12-2025
Karnataka,Karwar(Uttar Kannad),Mundgod APMC,Cereals,Rice,Broken Rice,Local,"2,600.00","2,600.00","2,600.00",Rs./Quintal,58,Metric Tonnes,29-12-2025
Karnataka,Karwar(Uttar Kannad),Sirsi APMC,Cereals,Rice,Fine,Local,"3,850.00","3,850.00","3,850.00",Rs./Quintal,0.1,Metric Tonnes,29-12-2025
Karnataka,Karwar(Uttar Kannad),Sirsi APMC,Cereals,Rice,Broken Rice,Local,"2,000.00","2,000.00","2,000.00",Rs./Quintal,1.1,Metric Tonnes,22-12-2025
Karnataka,Karwar(Uttar Kannad),Sirsi APMC,Cereals,Rice,Fine,Local,"7,400.00","7,400.00","7,400.00",Rs./Quintal,1,Metric Tonnes,22-12-2025
Karnataka,Karwar(Uttar Kannad),Sirsi APMC,Cereals,Rice,Broken Rice,Local,"1,900.00","2,000.00","2,000.00",Rs./Quintal,0.8,Metric Tonnes,19-01-2026
Karnataka,Karwar(Uttar Kannad),Sirsi APMC,Cereals,Rice,Broken Rice,Local,"2,000.00","2,000.00","2,000.00",Rs./Quintal,1.9,Metric Tonnes,10-12-2025
Karnataka,Karwar(Uttar Kannad),Sirsi APMC,Cereals,Rice,Fine,Local,"5,160.00","5,160.00","5,160.00",Rs./Quintal,15,Metric Tonnes,09-12-2025
Karnataka,Karwar(Uttar Kannad),Sirsi APMC,Cereals,Rice,Coarse,Local,"3,600.00","3,600.00","3,600.00",Rs./Quintal,0.8,Metric Tonnes,05-01-2026
Karnataka,Kolar,Bangarpet APMC,Cereals,Rice,Broken Rice,Local,"2,000.00","2,700.00","2,529.00",Rs./Quintal,81.2,Metric Tonnes,31-12-2025
Karnataka,Kolar,Bangarpet APMC,Cereals,Rice,IR 20,Local,"2,000.00","3,500.00","2,748.00",Rs./Quintal,164.9,Metric Tonnes,31-12-2025
Karnataka,Kolar,Bangarpet APMC,Cereals,Rice,IR 20,Local,"2,300.00","3,500.00","2,541.00",Rs./Quintal,93.5,Metric Tonnes,30-12-2025
Karnataka,Kolar,Bangarpet APMC,Cereals,Rice,Broken Rice,Local,"2,000.00","2,700.00","2,530.00",Rs./Quintal,74.2,Metric Tonnes,29-12-2025
Karnataka,Kolar,Bangarpet APMC,Cereals,Rice,IR 20,Local,"2,000.00","3,000.00","2,505.00",Rs./Quintal,240.3,Metric Tonnes,29-12-2025
Karnataka,Kolar,Bangarpet APMC,Cereals,Rice,Broken Rice,Local,"2,300.00","2,800.00","2,500.00",Rs./Quintal,143.8,Metric Tonnes,29-11-2025
Karnataka,Kolar,Bangarpet APMC,Cereals,Rice,IR 20,Local,"2,000.00","3,000.00","2,800.00",Rs./Quintal,525.5,Metric Tonnes,29-11-2025
Karnataka,Kolar,Bangarpet APMC,Cereals,Rice,Broken Rice,Local,"1,500.00","2,500.00","2,000.00",Rs./Quintal,324.1,Metric Tonnes,28-11-2025
Karnataka,Kolar,Bangarpet APMC,Cereals,Rice,IR 20,Local,"2,000.00","3,000.00","2,700.00",Rs./Quintal,676.6,Metric Tonnes,28-11-2025
Karnataka,Kolar,Bangarpet APMC,Cereals,Rice,Broken Rice,Local,"2,000.00","2,500.00","2,300.00",Rs./Quintal,443.8,Metric Tonnes,27-11-2025
Karnataka,Kolar,Bangarpet APMC,Cereals,Rice,IR 20,Local,"2,500.00","3,000.00","2,900.00",Rs./Quintal,869.8,Metric Tonnes,27-11-2025
Karnataka,Kolar,Bangarpet APMC,Cereals,Rice,Broken Rice,Local,"1,500.00","2,500.00","2,370.00",Rs./Quintal,701.3,Metric Tonnes,26-12-2025
Karnataka,Kolar,Bangarpet APMC,Cereals,Rice,IR 20,Local,"2,000.00","3,500.00","2,685.00",Rs./Quintal,493.9,Metric Tonnes,26-12-2025
Karnataka,Kolar,Bangarpet APMC,Cereals,Rice,IR 20,Local,"2,000.00","2,700.00","2,500.00",Rs./Quintal,10,Metric Tonnes,25-11-2025
Karnataka,Kolar,Bangarpet APMC,Cereals,Rice,Broken Rice,Local,"1,500.00","2,500.00","2,300.00",Rs./Quintal,55.4,Metric Tonnes,24-12-2025
Karnataka,Kolar,Bangarpet APMC,Cereals,Rice,IR 20,Local,"2,000.00","2,700.00","2,486.00",Rs./Quintal,672.8,Metric Tonnes,24-12-2025
Karnataka,Kolar,Bangarpet APMC,Cereals,Rice,Broken Rice,Local,"2,000.00","3,000.00","2,800.00",Rs./Quintal,17,Metric Tonnes,23-12-2025
Karnataka,Kolar,Bangarpet APMC,Cereals,Rice,IR 20,Local,"1,500.00","3,000.00","2,500.00",Rs./Quintal,57.2,Metric Tonnes,23-12-2025
Karnataka,Kolar,Bangarpet APMC,Cereals,Rice,Broken Rice,Local,"3,000.00","4,000.00","3,600.00",Rs./Quintal,155.9,Metric Tonnes,22-12-2025
Karnataka,Kolar,Bangarpet APMC,Cereals,Rice,IR 20,Local,"2,000.00","2,700.00","2,500.00",Rs./Quintal,161.4,Metric Tonnes,22-12-2025
Karnataka,Kolar,Bangarpet APMC,Cereals,Rice,Broken Rice,Local,"2,000.00","2,700.00","2,500.00",Rs./Quintal,30,Metric Tonnes,21-01-2026
Karnataka,Kolar,Bangarpet APMC,Cereals,Rice,IR 20,Local,"2,000.00","3,000.00","2,636.00",Rs./Quintal,508.5,Metric Tonnes,21-01-2026
Karnataka,Kolar,Bangarpet APMC,Cereals,Rice,Broken Rice,Local,"1,500.00","2,700.00","2,300.00",Rs./Quintal,80.9,Metric Tonnes,20-12-2025
Karnataka,Kolar,Bangarpet APMC,Cereals,Rice,IR 20,Local,"2,500.00","3,500.00","2,700.00",Rs./Quintal,316.4,Metric Tonnes,20-12-2025
Karnataka,Kolar,Bangarpet APMC,Cereals,Rice,Broken Rice,Local,"2,000.00","3,000.00","2,518.00",Rs./Quintal,60.3,Metric Tonnes,20-01-2026
Karnataka,Kolar,Bangarpet APMC,Cereals,Rice,IR 20,Local,"2,000.00","3,000.00","2,699.00",Rs./Quintal,"1,077.40",Metric Tonnes,20-01-2026
Karnataka,Kolar,Bangarpet APMC,Cereals,Rice,Broken Rice,Local,"2,000.00","2,700.00","2,564.00",Rs./Quintal,122.5,Metric Tonnes,19-12-2025
Karnataka,Kolar,Bangarpet APMC,Cereals,Rice,IR 20,Local,"2,500.00","3,000.00","2,878.00",Rs./Quintal,265.5,Metric Tonnes,19-12-2025
Karnataka,Kolar,Bangarpet APMC,Cereals,Rice,IR 20,Local,"4,000.00","4,700.00","4,500.00",Rs./Quintal,"1,454.60",Metric Tonnes,19-11-2025
Karnataka,Kolar,Bangarpet APMC,Cereals,Rice,Broken Rice,Local,"1,500.00","2,500.00","2,177.00",Rs./Quintal,199,Metric Tonnes,19-01-2026
Karnataka,Kolar,Bangarpet APMC,Cereals,Rice,IR 20,Local,"2,500.00","3,000.00","2,827.00",Rs./Quintal,273.3,Metric Tonnes,19-01-2026
Karnataka,Kolar,Bangarpet APMC,Cereals,Rice,Broken Rice,Local,"2,000.00","2,500.00","2,331.00",Rs./Quintal,121.8,Metric Tonnes,18-12-2025
Karnataka,Kolar,Bangarpet APMC,Cereals,Rice,IR 20,Local,"1,500.00","3,000.00","2,850.00",Rs./Quintal,415.4,Metric Tonnes,18-12-2025
Karnataka,Kolar,Bangarpet APMC,Cereals,Rice,Coarse (I.R.20),Local,"3,000.00","3,700.00","3,500.00",Rs./Quintal,452.5,Metric Tonnes,18-11-2025
Karnataka,Kolar,Bangarpet APMC,Cereals,Rice,Broken Rice,Local,"1,500.00","2,300.00","2,028.00",Rs./Quintal,49.8,Metric Tonnes,17-12-2025
Karnataka,Kolar,Bangarpet APMC,Cereals,Rice,IR 20,Local,"2,000.00","3,500.00","2,550.00",Rs./Quintal,645,Metric Tonnes,17-12-2025
Karnataka,Kolar,Bangarpet APMC,Cereals,Rice,Broken Rice,Local,"2,000.00","2,500.00","2,150.00",Rs./Quintal,0.8,Metric Tonnes,16-12-2025
Karnataka,Kolar,Bangarpet APMC,Cereals,Rice,IR 20,Local,"2,000.00","2,900.00","2,702.00",Rs./Quintal,"1,204.00",Metric Tonnes,16-12-2025
Karnataka,Kolar,Bangarpet APMC,Cereals,Rice,Broken Rice,Local,"1,500.00","3,000.00","2,092.00",Rs./Quintal,334.2,Metric Tonnes,16-01-2026
Karnataka,Kolar,Bangarpet APMC,Cereals,Rice,IR 20,Local,"1,500.00","3,000.00","2,602.00",Rs./Quintal,"2,267.10",Metric Tonnes,16-01-2026
Karnataka,Kolar,Bangarpet APMC,Cereals,Rice,Broken Rice,Local,"2,000.00","2,500.00","2,289.00",Rs./Quintal,50.1,Metric Tonnes,15-12-2025
Karnataka,Kolar,Bangarpet APMC,Cereals,Rice,IR 20,Local,"2,000.00","2,500.00","2,200.00",Rs./Quintal,30,Metric Tonnes,15-12-2025
Karnataka,Kolar,Bangarpet APMC,Cereals,Rice,Broken Rice,Local,"1,000.00","2,300.00","2,000.00",Rs./Quintal,490.6,Metric Tonnes,14-11-2025
Karnataka,Kolar,Bangarpet APMC,Cereals,Rice,IR 20,Local,"2,000.00","3,300.00","3,000.00",Rs./Quintal,218.1,Metric Tonnes,14-11-2025
Karnataka,Kolar,Bangarpet APMC,Cereals,Rice,IR 20,Local,"2,500.00","3,000.00","2,862.00",Rs./Quintal,177.9,Metric Tonnes,14-01-2026
Karnataka,Kolar,Bangarpet APMC,Cereals,Rice,IR 20,Local,"2,000.00","2,700.00","2,500.00",Rs./Quintal,17.5,Metric Tonnes,13-11-2025
Karnataka,Kolar,Bangarpet APMC,Cereals,Rice,Broken Rice,Local,"1,000.00","2,500.00","2,094.00",Rs./Quintal,16.6,Metric Tonnes,13-01-2026
Karnataka,Kolar,Bangarpet APMC,Cereals,Rice,IR 20,Local,"1,500.00","3,500.00","2,463.00",Rs./Quintal,401.1,Metric Tonnes,13-01-2026
Karnataka,Kolar,Bangarpet APMC,Cereals,Rice,Broken Rice,Local,"2,000.00","2,800.00","2,600.00",Rs./Quintal,79.9,Metric Tonnes,12-12-2025
Karnataka,Kolar,Bangarpet APMC,Cereals,Rice,IR 20,Local,"2,000.00","3,000.00","2,700.00",Rs./Quintal,409.1,Metric Tonnes,12-12-2025
Karnataka,Kolar,Bangarpet APMC,Cereals,Rice,Broken Rice,Local,"2,000.00","3,000.00","2,600.00",Rs./Quintal,461.4,Metric Tonnes,12-11-2025
Karnataka,Kolar,Bangarpet APMC,Cereals,Rice,IR 20,Local,"3,000.00","3,600.00","3,500.00",Rs./Quintal,"2,431.80",Metric Tonnes,12-11-2025
Karnataka,Kolar,Bangarpet APMC,Cereals,Rice,Broken Rice,Local,"1,000.00","2,000.00","1,880.00",Rs./Quintal,30.3,Metric Tonnes,12-01-2026
Karnataka,Kolar,Bangarpet APMC,Cereals,Rice,IR 20,Local,"2,000.00","3,000.00","2,628.00",Rs./Quintal,555.1,Metric Tonnes,12-01-2026
Karnataka,Kolar,Bangarpet APMC,Cereals,Rice,Broken Rice,Local,"2,000.00","2,500.00","2,220.00",Rs./Quintal,57,Metric Tonnes,11-12-2025
Karnataka,Kolar,Bangarpet APMC,Cereals,Rice,IR 20,Local,"2,500.00","3,500.00","3,089.00",Rs./Quintal,433.2,Metric Tonnes,11-12-2025
Karnataka,Kolar,Bangarpet APMC,Cereals,Rice,Broken Rice,Local,"2,000.00","2,500.00","2,100.00",Rs./Quintal,356.2,Metric Tonnes,11-11-2025
Karnataka,Kolar,Bangarpet APMC,Cereals,Rice,IR 20,Local,"2,000.00","3,200.00","3,000.00",Rs./Quintal,"1,093.40",Metric Tonnes,11-11-2025
Karnataka,Kolar,Bangarpet APMC,Cereals,Rice,Broken Rice,Local,"1,500.00","2,300.00","2,000.00",Rs./Quintal,26.8,Metric Tonnes,10-12-2025
Karnataka,Kolar,Bangarpet APMC,Cereals,Rice,IR 20,Local,"2,500.00","3,200.00","3,000.00",Rs./Quintal,"1,007.60",Metric Tonnes,10-12-2025
Karnataka,Kolar,Bangarpet APMC,Cereals,Rice,Broken Rice,Local,"2,000.00","2,700.00","2,500.00",Rs./Quintal,61.5,Metric Tonnes,09-12-2025
Karnataka,Kolar,Bangarpet APMC,Cereals,Rice,IR 20,Local,"2,500.00","3,000.00","2,700.00",Rs./Quintal,383.3,Metric Tonnes,09-12-2025
Karnataka,Kolar,Bangarpet APMC,Cereals,Rice,Broken Rice,Local,"1,500.00","2,300.00","2,000.00",Rs./Quintal,60,Metric Tonnes,09-01-2026
Karnataka,Kolar,Bangarpet APMC,Cereals,Rice,IR 20,Local,"2,000.00","3,000.00","2,661.00",Rs./Quintal,534.3,Metric Tonnes,09-01-2026
Karnataka,Kolar,Bangarpet APMC,Cereals,Rice,Broken Rice,Local,"2,000.00","2,500.00","2,200.00",Rs./Quintal,150.9,Metric Tonnes,08-12-2025
Karnataka,Kolar,Bangarpet APMC,Cereals,Rice,IR 20,Local,"2,000.00","3,000.00","2,450.00",Rs./Quintal,"1,208.40",Metric Tonnes,08-12-2025
Karnataka,Kolar,Bangarpet APMC,Cereals,Rice,Broken Rice,Local,"1,500.00","2,500.00","2,141.00",Rs./Quintal,227.4,Metric Tonnes,08-01-2026
Karnataka,Kolar,Bangarpet APMC,Cereals,Rice,IR 20,Local,"2,000.00","3,500.00","2,429.00",Rs./Quintal,310.3,Metric Tonnes,08-01-2026
Karnataka,Kolar,Bangarpet APMC,Cereals,Rice,Broken Rice,Local,"1,500.00","2,000.00","1,900.00",Rs./Quintal,12,Metric Tonnes,07-01-2026
Karnataka,Kolar,Bangarpet APMC,Cereals,Rice,IR 20,Local,"2,500.00","3,000.00","2,619.00",Rs./Quintal,497.7,Metric Tonnes,07-01-2026
Karnataka,Kolar,Bangarpet APMC,Cereals,Rice,Broken Rice,Local,"2,000.00","2,500.00","2,140.00",Rs./Quintal,60.5,Metric Tonnes,06-12-2025
Karnataka,Kolar,Bangarpet APMC,Cereals,Rice,IR 20,Local,"3,000.00","3,500.00","3,200.00",Rs./Quintal,379.3,Metric Tonnes,06-12-2025
Karnataka,Kolar,Bangarpet APMC,Cereals,Rice,Broken Rice,Local,"1,000.00","2,500.00","2,153.00",Rs./Quintal,191.1,Metric Tonnes,06-01-2026
Karnataka,Kolar,Bangarpet APMC,Cereals,Rice,Broken Rice,Local,"1,500.00","2,000.00","1,800.00",Rs./Quintal,143.3,Metric Tonnes,05-12-2025
Karnataka,Kolar,Bangarpet APMC,Cereals,Rice,IR 20,Local,"2,700.00","3,000.00","2,900.00",Rs./Quintal,229.6,Metric Tonnes,05-12-2025
Karnataka,Kolar,Bangarpet APMC,Cereals,Rice,Broken Rice,Local,"1,500.00","2,500.00","2,135.00",Rs./Quintal,92.6,Metric Tonnes,05-01-2026
Karnataka,Kolar,Bangarpet APMC,Cereals,Rice,IR 20,Local,"2,000.00","2,700.00","2,545.00",Rs./Quintal,240.4,Metric Tonnes,05-01-2026
Karnataka,Kolar,Bangarpet APMC,Cereals,Rice,Broken Rice,Local,"1,000.00","2,000.00","1,800.00",Rs./Quintal,313.1,Metric Tonnes,04-12-2025
Karnataka,Kolar,Bangarpet APMC,Cereals,Rice,IR 20,Local,"2,000.00","2,700.00","2,585.00",Rs./Quintal,272.8,Metric Tonnes,04-12-2025
Karnataka,Kolar,Bangarpet APMC,Cereals,Rice,Broken Rice,Local,"2,000.00","2,700.00","2,500.00",Rs./Quintal,213.6,Metric Tonnes,03-12-2025
Karnataka,Kolar,Bangarpet APMC,Cereals,Rice,IR 20,Local,"2,700.00","3,500.00","3,100.00",Rs./Quintal,508.9,Metric Tonnes,03-12-2025
Karnataka,Kolar,Bangarpet APMC,Cereals,Rice,IR 20,Local,"2,500.00","3,000.00","2,782.00",Rs./Quintal,119.7,Metric Tonnes,03-01-2026
Karnataka,Kolar,Bangarpet APMC,Cereals,Rice,Broken Rice,Local,"2,000.00","2,500.00","2,200.00",Rs./Quintal,375.8,Metric Tonnes,02-12-2025
Karnataka,Kolar,Bangarpet APMC,Cereals,Rice,IR 20,Local,"2,500.00","3,500.00","3,100.00",Rs./Quintal,907.4,Metric Tonnes,02-12-2025
Karnataka,Kolar,Bangarpet APMC,Cereals,Rice,IR 20,Local,"2,500.00","3,000.00","2,887.00",Rs./Quintal,53.6,Metric Tonnes,02-01-2026
Karnataka,Kolar,Chintamani APMC,Cereals,Rice,Sona,Local,"3,580.00","4,750.00","3,945.00",Rs./Quintal,54.6,Metric Tonnes,31-12-2025
Karnataka,Kolar,Chintamani APMC,Cereals,Rice,Sona,Local,"4,000.00","5,000.00","4,100.00",Rs./Quintal,6.5,Metric Tonnes,01-01-2026
Karnataka,Kolar,Kolar APMC,Cereals,Rice,Fine,Local,"4,800.00","5,200.00","5,000.00",Rs./Quintal,1.7,Metric Tonnes,19-11-2025
Karnataka,Kolar,Kolar APMC,Cereals,Rice,Fine,Local,"6,600.00","6,800.00","6,700.00",Rs./Quintal,116.5,Metric Tonnes,18-11-2025
Karnataka,Kolar,Malur APMC,Cereals,Rice,Sona,Local,"3,500.00","6,000.00","5,061.00",Rs./Quintal,564.1,Metric Tonnes,29-11-2025
Karnataka,Kolar,Malur APMC,Cereals,Rice,Sona,Local,"4,000.00","7,500.00","7,100.00",Rs./Quintal,15,Metric Tonnes,24-12-2025
Karnataka,Kolar,Malur APMC,Cereals,Rice,Sona,Local,"3,000.00","5,500.00","4,900.00",Rs./Quintal,3.4,Metric Tonnes,13-11-2025
Karnataka,Kolar,Malur APMC,Cereals,Rice,Sona,Local,"2,700.00","6,000.00","4,233.00",Rs./Quintal,31.7,Metric Tonnes,12-11-2025
Karnataka,Kolar,Malur APMC,Cereals,Rice,Sona,Local,"3,500.00","5,000.00","3,814.00",Rs./Quintal,21.5,Metric Tonnes,09-01-2026
Karnataka,Kolar,Malur APMC,Cereals,Rice,Sona,Local,"2,500.00","7,000.00","4,595.00",Rs./Quintal,37.5,Metric Tonnes,05-12-2025
Karnataka,Madikeri(Kodagu),Somvarpet APMC,Cereals,Rice,Sarbati Raw,Grade Range-1,"2,700.00","2,700.00","2,700.00",Rs./Quintal,6.5,Metric Tonnes,31-12-2025
Karnataka,Madikeri(Kodagu),Somvarpet APMC,Cereals,Rice,Sarbati Raw,Grade Range-1,"2,700.00","2,700.00","2,700.00",Rs./Quintal,2,Metric Tonnes,26-11-2025
Karnataka,Madikeri(Kodagu),Somvarpet APMC,Cereals,Rice,Sarbati Raw,Grade Range-1,"2,600.00","2,600.00","2,600.00",Rs./Quintal,27,Metric Tonnes,23-12-2025
Karnataka,Madikeri(Kodagu),Somvarpet APMC,Cereals,Rice,Sarbati Raw,Grade Range-1,"2,700.00","2,700.00","2,700.00",Rs./Quintal,2.9,Metric Tonnes,22-12-2025
Karnataka,Madikeri(Kodagu),Somvarpet APMC,Cereals,Rice,Sarbati Raw,Grade Range-1,"2,700.00","2,700.00","2,700.00",Rs./Quintal,11.1,Metric Tonnes,20-12-2025
Karnataka,Madikeri(Kodagu),Somvarpet APMC,Cereals,Rice,Sarbati Raw,Grade Range-1,"4,700.00","4,700.00","4,700.00",Rs./Quintal,12.8,Metric Tonnes,16-12-2025
Karnataka,Madikeri(Kodagu),Somvarpet APMC,Cereals,Rice,Sarbati Raw,Grade Range-1,"2,700.00","2,700.00","2,700.00",Rs./Quintal,2.6,Metric Tonnes,16-01-2026
Karnataka,Madikeri(Kodagu),Somvarpet APMC,Cereals,Rice,Sarbati Raw,Grade Range-1,"2,600.00","2,600.00","2,600.00",Rs./Quintal,20,Metric Tonnes,15-12-2025
Karnataka,Madikeri(Kodagu),Somvarpet APMC,Cereals,Rice,Sarbati Raw,Grade Range-1,"4,600.00","4,600.00","4,600.00",Rs./Quintal,9.9,Metric Tonnes,13-01-2026
Karnataka,Madikeri(Kodagu),Somvarpet APMC,Cereals,Rice,Sarbati Raw,Grade Range-1,"2,700.00","2,700.00","2,700.00",Rs./Quintal,13,Metric Tonnes,12-12-2025
Karnataka,Madikeri(Kodagu),Somvarpet APMC,Cereals,Rice,Sarbati Raw,Grade Range-1,"2,600.00","2,700.00","2,700.00",Rs./Quintal,10.4,Metric Tonnes,09-12-2025
Karnataka,Madikeri(Kodagu),Somvarpet APMC,Cereals,Rice,Sarbati Raw,Grade Range-1,"2,700.00","2,700.00","2,700.00",Rs./Quintal,9.3,Metric Tonnes,09-01-2026
Karnataka,Madikeri(Kodagu),Somvarpet APMC,Cereals,Rice,Sarbati Raw,Grade Range-1,"2,700.00","2,700.00","2,700.00",Rs./Quintal,3.1,Metric Tonnes,08-12-2025
Karnataka,Madikeri(Kodagu),Somvarpet APMC,Cereals,Rice,Sarbati Raw,Grade Range-1,"2,700.00","3,000.00","2,700.00",Rs./Quintal,26,Metric Tonnes,06-12-2025
Karnataka,Madikeri(Kodagu),Somvarpet APMC,Cereals,Rice,Sarbati Raw,Grade Range-1,"2,400.00","2,400.00","2,400.00",Rs./Quintal,19.8,Metric Tonnes,03-12-2025
Karnataka,Madikeri(Kodagu),Somvarpet APMC,Cereals,Rice,Sarbati Raw,Grade Range-1,"2,400.00","6,000.00","2,400.00",Rs./Quintal,19.8,Metric Tonnes,02-12-2025
Karnataka,Madikeri(Kodagu),Somvarpet APMC,Cereals,Rice,Sarbati Raw,Grade Range-1,"2,700.00","2,700.00","2,700.00",Rs./Quintal,4.6,Metric Tonnes,01-01-2026
Karnataka,Mandya,K.R. Pet APMC,Cereals,Rice,Coarse,Local,"3,000.00","3,000.00","3,000.00",Rs./Quintal,6.5,Metric Tonnes,15-12-2025
Karnataka,Mandya,K.R. Pet APMC,Cereals,Rice,Coarse,Local,"2,900.00","2,900.00","2,900.00",Rs./Quintal,2.5,Metric Tonnes,13-11-2025
Karnataka,Mandya,K.R. Pet APMC,Cereals,Rice,Broken Rice,Local,"2,200.00","2,200.00","2,200.00",Rs./Quintal,100,Metric Tonnes,05-12-2025
Karnataka,Mandya,Srirangapattana APMC,Cereals,Rice,Broken Rice,Local,"2,400.00","2,400.00","2,400.00",Rs./Quintal,15,Metric Tonnes,24-11-2025
Karnataka,Mandya,Srirangapattana APMC,Cereals,Rice,Broken Rice,Local,"2,400.00","2,400.00","2,400.00",Rs./Quintal,15,Metric Tonnes,20-12-2025
Karnataka,Mandya,Srirangapattana APMC,Cereals,Rice,Broken Rice,Local,"3,000.00","3,000.00","3,000.00",Rs./Quintal,15,Metric Tonnes,11-12-2025
Karnataka,Mandya,Srirangapattana APMC,Cereals,Rice,Broken Rice,Local,"2,400.00","2,400.00","2,400.00",Rs./Quintal,30,Metric Tonnes,09-12-2025
Karnataka,Mandya,Srirangapattana APMC,Cereals,Rice,Broken Rice,Local,"3,000.00","3,000.00","3,000.00",Rs./Quintal,16,Metric Tonnes,01-01-2026
Karnataka,Mangalore(Dakshin Kannad),Bantwala APMC,Cereals,Rice,Basmati,Local,"5,300.00","10,000.00","6,000.00",Rs./Quintal,44.8,Metric Tonnes,08-12-2025
Karnataka,Mangalore(Dakshin Kannad),Bantwala APMC,Cereals,Rice,Other,Local,"2,200.00","2,500.00","2,300.00",Rs./Quintal,9,Metric Tonnes,08-12-2025
Karnataka,Mangalore(Dakshin Kannad),Bantwala APMC,Cereals,Rice,Other,Local,"2,300.00","3,000.00","2,400.00",Rs./Quintal,30,Metric Tonnes,02-12-2025
Karnataka,Mangalore(Dakshin Kannad),Belthangdi APMC,Cereals,Rice,Kachha Basmati,Local,"2,177.00","5,200.00","4,400.00",Rs./Quintal,12,Metric Tonnes,17-12-2025
Karnataka,Mysore,Hunsur APMC,Cereals,Rice,Broken Rice,Local,"2,400.00","2,400.00","2,400.00",Rs./Quintal,20,Metric Tonnes,20-01-2026
Karnataka,Mysore,Hunsur APMC,Cereals,Rice,Broken Rice,Local,"2,200.00","2,200.00","2,200.00",Rs./Quintal,20,Metric Tonnes,06-01-2026
Karnataka,Mysore,K.R.Nagar APMC,Cereals,Rice,Jaya,Local,"6,400.00","6,400.00","6,400.00",Rs./Quintal,1.9,Metric Tonnes,04-12-2025
Karnataka,Mysore,Piriya Pattana APMC,Cereals,Rice,Broken Rice,Local,"2,500.00","2,500.00","2,500.00",Rs./Quintal,4,Metric Tonnes,21-01-2026
Karnataka,Mysore,Piriya Pattana APMC,Cereals,Rice,Broken Rice,Local,"2,500.00","2,500.00","2,500.00",Rs./Quintal,10,Metric Tonnes,16-12-2025
Karnataka,Raichur,Sindhanur APMC,Cereals,Rice,Medium,FAQ,"3,800.00","3,800.00","3,800.00",Rs./Quintal,14.3,Metric Tonnes,26-12-2025
Karnataka,Raichur,Sindhanur APMC,Cereals,Rice,Broken Rice,Local,"2,200.00","2,200.00","2,200.00",Rs./Quintal,6.5,Metric Tonnes,21-01-2026
Karnataka,Raichur,Sindhanur APMC,Cereals,Rice,Medium,Local,"3,400.00","3,700.00","3,400.00",Rs./Quintal,38.3,Metric Tonnes,21-01-2026
Karnataka,Raichur,Sindhanur APMC,Cereals,Rice,Broken Rice,Local,"2,000.00","2,000.00","2,000.00",Rs./Quintal,4.8,Metric Tonnes,20-01-2026
Karnataka,Raichur,Sindhanur APMC,Cereals,Rice,Medium,Local,"3,500.00","4,100.00","4,000.00",Rs./Quintal,130.9,Metric Tonnes,20-01-2026
Karnataka,Raichur,Sindhanur APMC,Cereals,Rice,Medium,Local,"4,000.00","4,000.00","4,000.00",Rs./Quintal,16.6,Metric Tonnes,19-01-2026
Karnataka,Raichur,Sindhanur APMC,Cereals,Rice,Medium,Local,"3,950.00","4,000.00","4,000.00",Rs./Quintal,33.8,Metric Tonnes,17-01-2026
Karnataka,Raichur,Sindhanur APMC,Cereals,Rice,Medium,Local,"2,465.00","3,600.00","3,000.00",Rs./Quintal,87.3,Metric Tonnes,16-01-2026
Karnataka,Raichur,Sindhanur APMC,Cereals,Rice,Medium,Local,"3,550.00","3,600.00","3,600.00",Rs./Quintal,29.5,Metric Tonnes,14-01-2026
Karnataka,Raichur,Sindhanur APMC,Cereals,Rice,Broken Rice,Local,"1,900.00","2,400.00","1,900.00",Rs./Quintal,93.9,Metric Tonnes,12-01-2026
Karnataka,Raichur,Sindhanur APMC,Cereals,Rice,Medium,Local,"3,350.00","4,200.00","3,600.00",Rs./Quintal,75,Metric Tonnes,12-01-2026
Karnataka,Raichur,Sindhanur APMC,Cereals,Rice,Broken Rice,Local,"2,200.00","2,200.00","2,200.00",Rs./Quintal,10,Metric Tonnes,08-01-2026
Karnataka,Raichur,Sindhanur APMC,Cereals,Rice,Sona Medium,Local,"3,550.00","4,000.00","4,000.00",Rs./Quintal,43.7,Metric Tonnes,08-01-2026
Karnataka,Raichur,Sindhanur APMC,Cereals,Rice,Medium,Local,"3,200.00","3,200.00","3,200.00",Rs./Quintal,2.6,Metric Tonnes,07-01-2026
Karnataka,Raichur,Sindhanur APMC,Cereals,Rice,Broken Rice,Local,"2,000.00","2,000.00","2,000.00",Rs./Quintal,14.6,Metric Tonnes,06-01-2026
Karnataka,Raichur,Sindhanur APMC,Cereals,Rice,Medium,Local,"4,080.00","4,400.00","4,080.00",Rs./Quintal,6.3,Metric Tonnes,06-01-2026
Karnataka,Raichur,Sindhanur APMC,Cereals,Rice,Broken Rice,Local,"2,350.00","2,350.00","2,350.00",Rs./Quintal,24,Metric Tonnes,05-01-2026
Karnataka,Raichur,Sindhanur APMC,Cereals,Rice,Medium,Local,"4,000.00","4,000.00","4,000.00",Rs./Quintal,0.8,Metric Tonnes,05-01-2026
Karnataka,Shimoga,Bhadravathi APMC,Cereals,Rice,Medium,Local,"2,400.00","2,500.00","2,500.00",Rs./Quintal,78,Metric Tonnes,31-12-2025
Karnataka,Shimoga,Bhadravathi APMC,Cereals,Rice,Medium,Local,"2,500.00","2,500.00","2,500.00",Rs./Quintal,56,Metric Tonnes,30-12-2025
Karnataka,Shimoga,Bhadravathi APMC,Cereals,Rice,Medium,Local,"2,500.00","4,500.00","2,550.00",Rs./Quintal,64.2,Metric Tonnes,29-12-2025
Karnataka,Shimoga,Bhadravathi APMC,Cereals,Rice,Medium,Local,"2,500.00","2,500.00","2,500.00",Rs./Quintal,76,Metric Tonnes,26-12-2025
Karnataka,Shimoga,Bhadravathi APMC,Cereals,Rice,Broken Rice,Local,"2,000.00","2,200.00","2,034.00",Rs./Quintal,27.8,Metric Tonnes,26-11-2025
Karnataka,Shimoga,Bhadravathi APMC,Cereals,Rice,Medium,Local,"2,500.00","2,700.00","2,549.00",Rs./Quintal,73,Metric Tonnes,26-11-2025
Karnataka,Shimoga,Bhadravathi APMC,Cereals,Rice,Broken Rice,Local,"2,200.00","2,200.00","2,200.00",Rs./Quintal,20.5,Metric Tonnes,25-11-2025
Karnataka,Shimoga,Bhadravathi APMC,Cereals,Rice,Medium,Local,"2,200.00","4,900.00","2,749.00",Rs./Quintal,99,Metric Tonnes,25-11-2025
Karnataka,Shimoga,Bhadravathi APMC,Cereals,Rice,Broken Rice,Local,"2,150.00","2,150.00","2,150.00",Rs./Quintal,22,Metric Tonnes,24-11-2025
Karnataka,Shimoga,Bhadravathi APMC,Cereals,Rice,Medium,Local,"2,500.00","2,500.00","2,500.00",Rs./Quintal,16,Metric Tonnes,24-11-2025
Karnataka,Shimoga,Bhadravathi APMC,Cereals,Rice,Broken Rice,Local,"2,200.00","2,200.00","2,200.00",Rs./Quintal,31.8,Metric Tonnes,23-12-2025
Karnataka,Shimoga,Bhadravathi APMC,Cereals,Rice,Medium,Local,"2,350.00","2,500.00","2,500.00",Rs./Quintal,43,Metric Tonnes,23-12-2025
Karnataka,Shimoga,Bhadravathi APMC,Cereals,Rice,Medium,Local,"2,350.00","2,500.00","2,500.00",Rs./Quintal,100.5,Metric Tonnes,22-12-2025
Karnataka,Shimoga,Bhadravathi APMC,Cereals,Rice,Medium,Local,"2,500.00","2,500.00","2,500.00",Rs./Quintal,28,Metric Tonnes,21-11-2025
Karnataka,Shimoga,Bhadravathi APMC,Cereals,Rice,Medium,Local,"2,400.00","2,500.00","2,500.00",Rs./Quintal,36.5,Metric Tonnes,20-12-2025
Karnataka,Shimoga,Bhadravathi APMC,Cereals,Rice,Medium,Local,"2,500.00","2,500.00","2,500.00",Rs./Quintal,62,Metric Tonnes,20-01-2026
Karnataka,Shimoga,Bhadravathi APMC,Cereals,Rice,Medium,Local,"2,350.00","2,500.00","2,500.00",Rs./Quintal,47.5,Metric Tonnes,19-12-2025
Karnataka,Shimoga,Bhadravathi APMC,Cereals,Rice,Medium,Local,"2,100.00","2,100.00","2,100.00",Rs./Quintal,23.5,Metric Tonnes,19-11-2025
Karnataka,Shimoga,Bhadravathi APMC,Cereals,Rice,Medium,Local,"2,350.00","2,500.00","2,450.00",Rs./Quintal,67,Metric Tonnes,18-12-2025
Karnataka,Shimoga,Bhadravathi APMC,Cereals,Rice,Medium,Local,"2,500.00","2,500.00","2,500.00",Rs./Quintal,37,Metric Tonnes,18-11-2025
Karnataka,Shimoga,Bhadravathi APMC,Cereals,Rice,Medium,Local,"2,380.00","2,500.00","2,445.00",Rs./Quintal,33,Metric Tonnes,17-12-2025
Karnataka,Shimoga,Bhadravathi APMC,Cereals,Rice,Broken Rice,Local,"2,100.00","2,100.00","2,100.00",Rs./Quintal,19,Metric Tonnes,17-11-2025
Karnataka,Shimoga,Bhadravathi APMC,Cereals,Rice,Medium,Local,"2,200.00","2,200.00","2,200.00",Rs./Quintal,30.1,Metric Tonnes,17-11-2025
Karnataka,Shimoga,Bhadravathi APMC,Cereals,Rice,Medium,Local,"2,500.00","4,200.00","2,500.00",Rs./Quintal,47,Metric Tonnes,17-01-2026
Karnataka,Shimoga,Bhadravathi APMC,Cereals,Rice,Medium,Local,"2,200.00","5,376.00","3,059.00",Rs./Quintal,93.6,Metric Tonnes,16-12-2025
Karnataka,Shimoga,Bhadravathi APMC,Cereals,Rice,Medium,Local,"2,200.00","6,000.00","2,200.00",Rs./Quintal,175,Metric Tonnes,16-01-2026
Karnataka,Shimoga,Bhadravathi APMC,Cereals,Rice,Kachha Basmati,Local,"2,200.00","2,200.00","2,200.00",Rs./Quintal,34.3,Metric Tonnes,15-12-2025
Karnataka,Shimoga,Bhadravathi APMC,Cereals,Rice,Medium,Local,"2,200.00","3,000.00","2,602.00",Rs./Quintal,118,Metric Tonnes,15-12-2025
Karnataka,Shimoga,Bhadravathi APMC,Cereals,Rice,Medium,Local,"2,000.00","2,000.00","2,000.00",Rs./Quintal,30,Metric Tonnes,15-11-2025
Karnataka,Shimoga,Bhadravathi APMC,Cereals,Rice,Broken Rice,Local,"1,500.00","2,210.00","1,800.00",Rs./Quintal,21.7,Metric Tonnes,14-01-2026
Karnataka,Shimoga,Bhadravathi APMC,Cereals,Rice,Medium,Local,"2,350.00","2,500.00","2,500.00",Rs./Quintal,61.5,Metric Tonnes,14-01-2026
Karnataka,Shimoga,Bhadravathi APMC,Cereals,Rice,Medium,Local,"2,500.00","2,500.00","2,500.00",Rs./Quintal,36,Metric Tonnes,13-01-2026
Karnataka,Shimoga,Bhadravathi APMC,Cereals,Rice,Medium,Local,"2,079.00","2,500.00","2,172.00",Rs./Quintal,"8,640.00",Metric Tonnes,12-12-2025
Karnataka,Shimoga,Bhadravathi APMC,Cereals,Rice,Broken Rice,Local,"1,900.00","1,900.00","1,900.00",Rs./Quintal,27.3,Metric Tonnes,12-01-2026
Karnataka,Shimoga,Bhadravathi APMC,Cereals,Rice,Medium,Local,"2,200.00","2,500.00","2,330.00",Rs./Quintal,100.5,Metric Tonnes,12-01-2026
Karnataka,Shimoga,Bhadravathi APMC,Cereals,Rice,Medium,Local,"2,400.00","3,000.00","2,416.00",Rs./Quintal,244.5,Metric Tonnes,11-12-2025
Karnataka,Shimoga,Bhadravathi APMC,Cereals,Rice,Broken Rice,Local,"2,100.00","2,100.00","2,100.00",Rs./Quintal,21.2,Metric Tonnes,10-12-2025
Karnataka,Shimoga,Bhadravathi APMC,Cereals,Rice,Medium,Local,"3,000.00","3,000.00","3,000.00",Rs./Quintal,5.1,Metric Tonnes,10-12-2025
Karnataka,Shimoga,Bhadravathi APMC,Cereals,Rice,Medium,Local,"2,400.00","3,000.00","2,418.00",Rs./Quintal,262.1,Metric Tonnes,09-12-2025
Karnataka,Shimoga,Bhadravathi APMC,Cereals,Rice,Medium,Local,"2,400.00","4,800.00","2,400.00",Rs./Quintal,64.5,Metric Tonnes,09-01-2026
Karnataka,Shimoga,Bhadravathi APMC,Cereals,Rice,Medium,Local,"2,500.00","3,500.00","2,763.00",Rs./Quintal,38.1,Metric Tonnes,08-12-2025
Karnataka,Shimoga,Bhadravathi APMC,Cereals,Rice,Medium,Local,"2,500.00","4,500.00","2,500.00",Rs./Quintal,19.2,Metric Tonnes,08-01-2026
Karnataka,Shimoga,Bhadravathi APMC,Cereals,Rice,Medium,Local,"2,500.00","2,500.00","2,500.00",Rs./Quintal,20,Metric Tonnes,07-01-2026
Karnataka,Shimoga,Bhadravathi APMC,Cereals,Rice,Medium,Local,"2,500.00","2,500.00","2,500.00",Rs./Quintal,18,Metric Tonnes,06-01-2026
Karnataka,Shimoga,Bhadravathi APMC,Cereals,Rice,Medium,Local,"2,400.00","4,200.00","2,500.00",Rs./Quintal,91.5,Metric Tonnes,05-01-2026
Karnataka,Shimoga,Bhadravathi APMC,Cereals,Rice,Medium,Local,"3,000.00","3,000.00","3,000.00",Rs./Quintal,8.4,Metric Tonnes,04-12-2025
Karnataka,Shimoga,Bhadravathi APMC,Cereals,Rice,Medium,Local,"2,500.00","3,000.00","2,663.00",Rs./Quintal,40.9,Metric Tonnes,03-12-2025
Karnataka,Shimoga,Bhadravathi APMC,Cereals,Rice,Medium,Local,"2,500.00","2,500.00","2,500.00",Rs./Quintal,20,Metric Tonnes,03-01-2026
Karnataka,Shimoga,Bhadravathi APMC,Cereals,Rice,Medium,Local,"2,350.00","2,500.00","2,446.00",Rs./Quintal,28,Metric Tonnes,02-12-2025
Karnataka,Shimoga,Bhadravathi APMC,Cereals,Rice,Medium,Local,"2,400.00","2,500.00","2,500.00",Rs./Quintal,68,Metric Tonnes,02-01-2026
Karnataka,Shimoga,Bhadravathi APMC,Cereals,Rice,Medium,Local,"2,500.00","2,500.00","2,500.00",Rs./Quintal,53,Metric Tonnes,01-12-2025
Karnataka,Shimoga,Bhadravathi APMC,Cereals,Rice,Broken Rice,Local,"2,150.00","2,150.00","2,150.00",Rs./Quintal,44.2,Metric Tonnes,01-01-2026
Karnataka,Shimoga,Shimoga APMC,Cereals,Rice,Medium,Local,"2,350.00","2,500.00","2,450.00",Rs./Quintal,163,Metric Tonnes,29-11-2025
Karnataka,Shimoga,Shimoga APMC,Cereals,Rice,Coarse,Local,"2,300.00","2,500.00","2,400.00",Rs./Quintal,126.6,Metric Tonnes,10-11-2025
Karnataka,Tumkur,Tumkur APMC,Cereals,Rice,Other,Local,"3,400.00","5,800.00","4,200.00",Rs./Quintal,124.5,Metric Tonnes,29-12-2025
Karnataka,Tumkur,Tumkur APMC,Cereals,Rice,Other,Local,"3,600.00","5,800.00","4,600.00",Rs./Quintal,"13,870.50",Metric Tonnes,26-11-2025
Karnataka,Tumkur,Tumkur APMC,Cereals,Rice,Other,Local,"3,400.00","5,800.00","4,200.00",Rs./Quintal,42,Metric Tonnes,24-12-2025
Karnataka,Tumkur,Tumkur APMC,Cereals,Rice,Other,Local,"3,600.00","4,650.00","3,900.00",Rs./Quintal,97.5,Metric Tonnes,16-12-2025
Karnataka,Tumkur,Tumkur APMC,Cereals,Rice,Other,Local,"3,400.00","6,100.00","4,400.00",Rs./Quintal,32.5,Metric Tonnes,15-01-2026
Karnataka,Tumkur,Tumkur APMC,Cereals,Rice,Other,Local,"3,500.00","5,800.00","4,500.00",Rs./Quintal,138.8,Metric Tonnes,14-11-2025
Karnataka,Tumkur,Tumkur APMC,Cereals,Rice,Other,Local,"2,600.00","4,800.00","3,600.00",Rs./Quintal,143.6,Metric Tonnes,11-12-2025
Karnataka,Tumkur,Tumkur APMC,Cereals,Rice,Other,Local,"3,400.00","5,900.00","4,500.00",Rs./Quintal,421.8,Metric Tonnes,11-11-2025
Karnataka,Tumkur,Tumkur APMC,Cereals,Rice,Other,Local,"3,500.00","5,000.00","4,200.00",Rs./Quintal,53.4,Metric Tonnes,09-01-2026
Karnataka,Tumkur,Tumkur APMC,Cereals,Rice,Other,Local,"3,600.00","5,800.00","4,400.00",Rs./Quintal,90.4,Metric Tonnes,06-01-2026
Karnataka,Tumkur,Tumkur APMC,Cereals,Rice,Other,Local,"2,800.00","5,500.00","3,800.00",Rs./Quintal,394.6,Metric Tonnes,03-12-2025
